dataset	N	pert_id	pert_iname	score	is_target
GSE90594	100	Li	Li	1.8141428571428557	1
GSE90594	100	Zn_proxy	Zn_proxy	3.074095238095234	1
GSE90594	100	GSK3	GSK3	2.1593547619047633	1
GSE90594	100	Li_Zn	Li_Zn	4.88823809523809	1
GSE90594	100	GSK3_Zn	GSK3_Zn	5.233449999999997	1
GSE90594	100	BRD-K46017542	BRD-K46017542	3.8654285714285788	0
GSE90594	100	BRD-K49577446	flunisolide	5.233214285714282	0
GSE90594	100	BRD-K94176593	TWS-119	2.170892857142862	0
GSE90594	100	BRD-K92953840	BRD-K92953840	3.25645833333333	0
GSE90594	100	BRD-K06159959	CCMQ	2.151226190476186	0
GSE90594	100	BRD-A64290322	cyclosporin-a	1.318857142857142	0
GSE90594	100	BRD-K11634954	GBR-13069	2.385678571428572	0
GSE90594	100	BRD-K42098891	protriptyline	1.049267857142858	0
GSE90594	100	BRD-K90543092	levonorgestrel	3.4661428571428563	0
GSE90594	100	BRD-A75931230	F-1061-0166	3.9196785714285696	0
GSE90594	100	BRD-K96703623	BRD-K96703623	1.8151428571428594	0
GSE90594	100	BRD-K31975688	BRD-K31975688	2.626023809523813	0
GSE90594	100	BRD-K17830172	BRD-K17830172	8.377047619047616	0
GSE90594	100	BRD-K06692906	Gossypetin	1.5510357142857152	0
GSE90594	100	BRD-K68690198	BRD-K68690198	5.80692857142857	0
GSE90594	100	BRD-A91992993	siguazodan	3.7843928571428567	0
GSE90594	100	BRD-A56359832	zileuton	2.1843690476190467	0
GSE90594	100	BRD-K08316444	rotenone	1.3804857142857145	0
GSE90594	100	BRD-K41713976	E-4031	3.239565476190478	0
GSE90594	100	BRD-A94413429	NTNCB	0.6370357142857115	0
GSE90594	100	BRD-K69556541	ryanodine	2.935571428571432	0
GSE90594	100	BRD-K04676863	BRD-K04676863	3.158839285714289	0
GSE90594	100	BRD-K20352452	BRD-K20352452	2.5882857142857136	0
GSE90594	100	BRD-K72420232	WZ-4002	2.533678571428572	0
GSE90594	100	BRD-K80184735	KUC104240N	2.097464285714287	0
GSE90594	100	BRD-A83326220	brazilin	2.356664285714284	0
GSE90594	100	BRD-A80383043	4-carboxy-3-hydroxyphenylglycine-(RS)	6.698142857142858	0
GSE90594	100	BRD-K79554012	BRD-K79554012	2.2037678571428536	0
GSE90594	100	BRD-A92630576	trimebutine	5.364886904761902	0
GSE90594	100	BRD-K15054362	BRD-K15054362	3.1496428571428554	0
GSE90594	100	BRD-A73859745	glycodeoxycholic-acid	5.043035714285709	0
GSE90594	100	BRD-K02275692	cefotiam	3.148440476190473	0
GSE90594	100	BRD-K24468827	BRD-K24468827	2.21203571428572	0
GSE90594	100	BRD-K64754843	BRD-K64754843	2.734589285714287	0
GSE90594	100	BRD-K15616905	CCCP	3.9216285714285695	0
GSE90594	100	BRD-K84937637	sirolimus	1.2620714285714278	0
GSE90594	100	BRD-K77790153	BRD-K77790153	2.259535714285714	0
GSE90594	100	BRD-K98546361	BRD-K98546361	3.365642857142855	0
GSE90594	100	BRD-K64409586	KU-C104488	1.3936071428571404	0
GSE90594	100	BRD-A98431941	ephedrine	4.31664285714286	0
GSE90594	100	BRD-K28610502	RAN-05	2.2042142857142837	0
GSE90594	100	BRD-K15588452	R-96544	5.557357142857143	0
GSE90594	100	BRD-K17743125	belinostat	1.7235714285714239	0
GSE90594	100	BRD-A59943784	fluticasone	3.9645452380952384	0
GSE90594	100	BRD-K42107428	BRD-K42107428	1.3330000000000015	0
GSE90594	100	BRD-K15402119	huperzine-a	3.8854761904761896	0
GSE90594	100	BRD-K95760042	BRD-K95760042	0.3574642857142851	0
GSE90594	100	BRD-K79602928	metformin	2.402905612244896	0
GSE90594	100	BRD-K44812652	BRD-K44812652	2.125642857142863	0
GSE90594	100	BRD-A50311610	meclizine	3.740749999999998	0
GSE90594	100	BRD-K90090262	BRD-K90090262	2.738821428571428	0
GSE90594	100	BRD-K41227865	ST-4039884	3.5019285714285706	0
GSE90594	100	BRD-K48673964	BRD-K48673964	0.7519642857142861	0
GSE90594	100	BRD-K90553655	testosterone	5.948119047619052	0
GSE90594	100	BRD-K23875128	RHO-kinase-inhibitor-III[rockout]	2.3072619047619045	0
GSE90594	100	BRD-K49519144	LY-2140023	5.259660714285714	0
GSE90594	100	BRD-K59024967	BRD-K59024967	2.424696428571422	0
GSE90594	100	BRD-A00474148	BRD-A00474148	1.6364642857142875	0
GSE90594	100	BRD-K49403449	BRD-K49403449	5.40039285714285	0
GSE90594	100	BRD-K38910949	ST-4075437	4.1572261904761945	0
GSE90594	100	BRD-K10466330	AVA	2.5629285714285683	0
GSE90594	100	BRD-K48115423	2-(4-methoxybenzylthio)-6-methylpyrimidin-4-ol	2.805797619047618	0
GSE90594	100	BRD-K13571841	pepstatin	3.159428571428571	0
GSE90594	100	BRD-K14945759	KU-C104127	5.9944642857142805	0
GSE90594	100	BRD-A00626522	BRD-A00626522	1.6873928571428582	0
GSE90594	100	BRD-K97631938	BRD-K97631938	3.0814738095238097	0
GSE90594	100	BRD-K31706415	BRD-K31706415	2.1809857142857147	0
GSE90594	100	BRD-K99595596	salsolinol	3.6027857142857203	0
GSE90594	100	BRD-K27184429	levocetirizine	2.242428571428574	0
GSE90594	100	BRD-K19894101	MST-312	1.7016071428571395	0
GSE90594	100	BRD-K43620258	CHEMBL-399379	0.8119142857142848	0
GSE90594	100	BRD-A41649729	BRD-A41649729	3.9721666666666637	0
GSE90594	100	BRD-K31268420	NSC-693868	3.996557142857144	0
GSE90594	100	BRD-K77554836	triamcinolone	3.7010476190476194	0
GSE90594	100	BRD-K75295174	alisertib	3.722761904761907	0
GSE90594	100	BRD-K71860425	CDK2-5-inhibitor	1.2296071428571396	0
GSE90594	100	BRD-K65639003	icariin	3.0436547619047594	0
GSE90594	100	BRD-K45044657	BRD-K45044657	1.8712499999999963	0
GSE90594	100	BRD-K15601958	SEW-2871	3.8554404761904753	0
GSE90594	100	BRD-K37372998	BRD-K37372998	3.321809523809524	0
GSE90594	100	BRD-K36533576	KU-C103875	2.1986964285714294	0
GSE90594	100	BRD-A39121618	BRD-A39121618	5.780297619047629	0
GSE90594	100	BRD-K61463582	BRD-K61463582	4.08720833333333	0
GSE90594	100	BRD-K06071925	BRD-K06071925	3.351297619047619	0
GSE90594	100	BRD-K78559095	BRD-K78559095	4.346285714285714	0
GSE90594	100	BRD-K81144366	moxisylyte	2.226952380952381	0
GSE90594	100	BRD-K98471960	BRD-K98471960	5.761773809523811	0
GSE90594	100	BRD-K98521173	desoxycortone	4.492666666666667	0
GSE90594	100	BRD-K00532621	midazolam	2.3723690476190455	0
GSE90594	100	BRD-K55260239	BRD-K55260239	5.516267857142858	0
GSE90594	100	BRD-K73082558	BRD-K73082558	2.722847402597403	0
GSE90594	100	BRD-K49327517	THZ-2-98-01	2.4585000000000026	0
GSE90594	100	BRD-K07516181	BRD-K07516181	4.138214285714283	0
GSE90594	100	BRD-K34388789	BRD-K34388789	2.667557142857142	0
GSE90594	100	BRD-K14993104	bemegride	4.086273809523812	0
GSE90594	100	BRD-K94381355	BRD-K94381355	8.149345238095236	0
GSE90594	100	BRD-K45542213	BRD-K45542213	2.2262976190476227	0
GSE90594	100	BRD-A63043573	cabergoline	3.047904761904763	0
GSE90594	100	BRD-K68144790	glycodeoxycholic-acid	2.818619047619048	0
GSE90594	100	BRD-K68102868	BRD-K68102868	3.74310714285714	0
GSE90594	100	BRD-K43256821	BRD-K43256821	1.9833214285714265	0
GSE90594	100	BRD-A33833419	TER-14687	4.213321428571425	0
GSE90594	100	BRD-K47695085	BRD-K47695085	4.147285714285708	0
GSE90594	100	BRD-K60667905	SA-427228	2.2588571428571473	0
GSE90594	100	BRD-K65774694	BRD-K65774694	1.1901428571428574	0
GSE90594	100	BRD-A96897502	U-74389F	7.0689642857142845	0
GSE90594	100	BRD-K86048057	BRD-K86048057	2.2931428571428536	0
GSE90594	100	BRD-K58601216	SA-1922927	3.3123928571428514	0
GSE90594	100	BRD-K73276569	BRD-K73276569	5.0442261904761905	0
GSE90594	100	BRD-K40892394	AR-C133057XX	0.9787500000000007	0
GSE90594	100	BRD-K52850071	WHI-P154	2.0425	0
GSE90594	100	BRD-K28112517	BRD-K28112517	1.748785714285713	0
GSE90594	100	BRD-K91701654	U-0126	3.354464285714296	0
GSE90594	100	BRD-K08317416	BRD-K08317416	1.2218214285714286	0
GSE90594	100	BRD-A06726973	dibutyrylcyclic-gmp	3.456499999999994	0
GSE90594	100	BRD-K49371609	PIK-75	2.8323892857142825	0
GSE90594	100	BRD-A15435692	BMY-14802	2.1036785714285697	0
GSE90594	100	BRD-A03926027	ST-014147	3.3527142857142795	0
GSE90594	100	BRD-K58223721	BRD-K58223721	4.599023809523812	0
GSE90594	100	BRD-K87730440	BRD-K87730440	3.2496130952380944	0
GSE90594	100	BRD-A32164164	methyllycaconitine	2.1208392857142853	0
GSE90594	100	BRD-K93623501	BRD-K93623501	2.226023809523811	0
GSE90594	100	BRD-A11095214	BRD-A11095214	2.9722857142857135	0
GSE90594	100	BRD-K99515112	ST-4029010	5.423285714285713	0
GSE90594	100	BRD-K58033748	BRD-K58033748	3.8127142857142817	0
GSE90594	100	BRD-K57285282	JAS07-006	1.3598333333333341	0
GSE90594	100	BRD-K45356824	SA-1973497	2.301357142857145	0
GSE90594	100	BRD-K92446736	zatebradine	0.8631785714285719	0
GSE90594	100	BRD-A92651262	nalbuphine	2.962188095238092	0
GSE90594	100	BRD-K76876037	BRD-K76876037	2.9474999999999985	0
GSE90594	100	BRD-K81300454	BRD-K81300454	3.512357142857141	0
GSE90594	100	BRD-A61189834	BRD-A61189834	1.4552857142857123	0
GSE90594	100	BRD-K82865713	prostaglandin-b2	4.196523809523818	0
GSE90594	100	BRD-K41571462	BRD-K41571462	5.830042857142867	0
GSE90594	100	BRD-K50297939	UTMB-00530	1.1426785714285694	0
GSE90594	100	BRD-K46766488	S-14506	2.868464285714289	0
GSE90594	100	BRD-K47808476	BRD-K47808476	5.81760714285714	0
GSE90594	100	BRD-K68007270	BRD-K68007270	1.540964285714285	0
GSE90594	100	BRD-K98064019	BRD-K98064019	2.8032380952380964	0
GSE90594	100	BRD-A96485169	EBPC	5.551702380952374	0
GSE90594	100	BRD-A97479839	piperidolate	3.282392857142857	0
GSE90594	100	BRD-K20401833	BRD-K20401833	2.6120425170068016	0
GSE90594	100	BRD-K07110772	SA-433965	4.203291666666664	0
GSE90594	100	BRD-A07440155	labetalol	2.0564642857142843	0
GSE90594	100	BRD-K79489641	BRD-K79489641	5.193339285714284	0
GSE90594	100	BRD-A77216878	manumycin-a	1.2497857142857163	0
GSE90594	100	BRD-K48188942	BG-STK33-59	3.7120357142857165	0
GSE90594	100	BRD-K95785537	PP-2	0.0	0
GSE90594	100	BRD-K12690157	BRD-K12690157	1.2930428571428554	0
GSE90594	100	BRD-A38878059	BL-077	1.3056071428571414	0
GSE90594	100	BRD-K23319301	BRD-K23319301	3.8481999999999985	0
GSE90594	100	BRD-A92439610	triamcinolone-acetonide	2.6661904761904722	0
GSE90594	100	BRD-K89451433	BRD-K89451433	2.6614642857142816	0
GSE90594	100	BRD-K98404142	BRD-K98404142	5.3605952380952395	0
GSE90594	100	BRD-K58900438	BRD-K58900438	3.751857142857142	0
GSE90594	100	BRD-K51683034	BRD-K51683034	3.6380833333333356	0
GSE90594	100	BRD-K88008216	BRD-K88008216	4.153726190476194	0
GSE90594	100	BRD-K84284996	PSH-025	1.7368750000000024	0
GSE90594	100	BRD-K78167523	BRD-K78167523	0.0	0
GSE90594	100	BRD-K26241953	piceatannol	2.4237714285714267	0
GSE90594	100	BRD-K53423944	BRD-K53423944	0.6245357142857162	0
GSE90594	100	BRD-K69932463	AZD-8055	0.1645	0
GSE90594	100	BRD-K18972207	BRD-K18972207	3.9840595238095196	0
GSE90594	100	BRD-A48631911	mibefradil	3.784940476190474	0
GSE90594	100	BRD-K36862742	hydroflumethiazide	1.4082142857142812	0
GSE90594	100	BRD-K95047050	BRD-K95047050	3.102071428571429	0
GSE90594	100	BRD-A18411371	BRD-A18411371	3.80538095238095	0
GSE90594	100	BRD-K16782389	BRD-K16782389	1.200928571428571	0
GSE90594	100	BRD-K98143437	SB-239063	2.775035714285715	0
GSE90594	100	BRD-K75264577	BRD-K75264577	4.678714285714289	0
GSE90594	100	BRD-K50985433	BRD-K50985433	6.380595238095242	0
GSE90594	100	BRD-K27881911	BRD-K27881911	4.104511904761902	0
GSE90594	100	BRD-K53523901	arctigenin	1.9935571428571457	0
GSE90594	100	BRD-K46862739	metyrapone	4.4701212121212155	0
GSE90594	100	BRD-K80451230	zamifenacin	1.717357142857148	0
GSE90594	100	BRD-K21387011	BRD-K21387011	2.180166666666667	0
GSE90594	100	BRD-K37940862	BRD-K37940862	3.5020000000000007	0
GSE90594	100	BRD-K68202742	trichostatin-a	1.6434999999999957	0
GSE90594	100	BRD-A67605442	tetrahydrobiopterin	3.5638214285714325	0
GSE90594	100	BRD-A15493168	tetracycline	3.180892857142859	0
GSE90594	100	BRD-K85383046	IAA-94	1.857732142857143	0
GSE90594	100	BRD-A43640821	BRD-A43640821	2.5177738095238116	0
GSE90594	100	BRD-K89020690	BRD-K89020690	1.5052857142857166	0
GSE90594	100	BRD-A73741725	exemestane	5.88853571428571	0
GSE90594	100	BRD-K14788918	BRD-K14788918	1.9576428571428548	0
GSE90594	100	BRD-K54314721	zolmitriptan	5.834107142857142	0
GSE90594	100	BRD-K05979026	BRD-K05979026	2.02760714285714	0
GSE90594	100	BRD-K03319035	maprotiline	3.4238809523809435	0
GSE90594	100	BRD-K44931544	BRD-K44931544	2.368374999999999	0
GSE90594	100	BRD-K95033227	BRD-K95033227	2.9305357142857122	0
GSE90594	100	BRD-A93236127	digitoxin	0.8852857142857147	0
GSE90594	100	BRD-K19166598	BRD-K19166598	3.0275416666666697	0
GSE90594	100	BRD-K25050358	BRD-K25050358	1.4097678571428562	0
GSE90594	100	BRD-K32610195	androstenedione	5.0673071428571435	0
GSE90594	100	BRD-A62434282	goserelin	2.537892857142853	0
GSE90594	100	BRD-K82747512	BRD-K82747512	2.808428571428576	0
GSE90594	100	BRD-K27305650	LY-294002	0.16383333333333427	0
GSE90594	100	BRD-K98739056	BRD-K98739056	3.3121190476190456	0
GSE90594	100	BRD-K93158953	BRD-K93158953	2.3800714285714255	0
GSE90594	100	BRD-K72903603	zidovudine	3.196797619047614	0
GSE90594	300	Li	Li	3.774428571428575	1
GSE90594	300	Zn_proxy	Zn_proxy	10.338702380952379	1
GSE90594	300	GSK3	GSK3	8.402140476190482	1
GSE90594	300	Li_Zn	Li_Zn	14.113130952380954	1
GSE90594	300	GSK3_Zn	GSK3_Zn	18.03884285714286	1
GSE90594	300	BRD-K46017542	BRD-K46017542	9.693178571428582	0
GSE90594	300	BRD-K49577446	flunisolide	12.229090476190471	0
GSE90594	300	BRD-K94176593	TWS-119	4.4118333333333375	0
GSE90594	300	BRD-K92953840	BRD-K92953840	14.145866326530603	0
GSE90594	300	BRD-K06159959	CCMQ	8.624154761904759	0
GSE90594	300	BRD-A64290322	cyclosporin-a	4.114256722689075	0
GSE90594	300	BRD-K11634954	GBR-13069	9.085660714285707	0
GSE90594	300	BRD-K42098891	protriptyline	4.400693627450981	0
GSE90594	300	BRD-K90543092	levonorgestrel	12.202474999999993	0
GSE90594	300	BRD-A75931230	F-1061-0166	12.445313095238099	0
GSE90594	300	BRD-K96703623	BRD-K96703623	12.634690476190476	0
GSE90594	300	BRD-K31975688	BRD-K31975688	4.479571428571437	0
GSE90594	300	BRD-K17830172	BRD-K17830172	13.409726190476189	0
GSE90594	300	BRD-K06692906	Gossypetin	7.2119642857142825	0
GSE90594	300	BRD-K68690198	BRD-K68690198	11.326404761904756	0
GSE90594	300	BRD-A91992993	siguazodan	10.165249999999995	0
GSE90594	300	BRD-A56359832	zileuton	6.854559523809521	0
GSE90594	300	BRD-K08316444	rotenone	7.504278571428565	0
GSE90594	300	BRD-K41713976	E-4031	12.418172619047624	0
GSE90594	300	BRD-A94413429	NTNCB	3.4530357142857033	0
GSE90594	300	BRD-K69556541	ryanodine	7.699059523809525	0
GSE90594	300	BRD-K04676863	BRD-K04676863	8.533625000000006	0
GSE90594	300	BRD-K20352452	BRD-K20352452	8.156930952380954	0
GSE90594	300	BRD-K72420232	WZ-4002	11.355023809523814	0
GSE90594	300	BRD-K80184735	KUC104240N	7.981910714285716	0
GSE90594	300	BRD-A83326220	brazilin	8.40215238095238	0
GSE90594	300	BRD-A80383043	4-carboxy-3-hydroxyphenylglycine-(RS)	12.473383333333341	0
GSE90594	300	BRD-K79554012	BRD-K79554012	9.617089285714275	0
GSE90594	300	BRD-A92630576	trimebutine	11.885436904761907	0
GSE90594	300	BRD-K15054362	BRD-K15054362	10.569154761904771	0
GSE90594	300	BRD-A73859745	glycodeoxycholic-acid	12.091971088435363	0
GSE90594	300	BRD-K02275692	cefotiam	12.357416666666666	0
GSE90594	300	BRD-K24468827	BRD-K24468827	8.21164285714286	0
GSE90594	300	BRD-K64754843	BRD-K64754843	10.749863095238092	0
GSE90594	300	BRD-K15616905	CCCP	7.776307142857138	0
GSE90594	300	BRD-K84937637	sirolimus	3.035740476190473	0
GSE90594	300	BRD-K77790153	BRD-K77790153	10.716307142857138	0
GSE90594	300	BRD-K98546361	BRD-K98546361	7.4694523809523785	0
GSE90594	300	BRD-K64409586	KU-C104488	4.897751190476187	0
GSE90594	300	BRD-A98431941	ephedrine	12.09921428571429	0
GSE90594	300	BRD-K28610502	RAN-05	11.240083333333326	0
GSE90594	300	BRD-K15588452	R-96544	11.245178571428571	0
GSE90594	300	BRD-K17743125	belinostat	3.241892857142846	0
GSE90594	300	BRD-A59943784	fluticasone	9.933449999999997	0
GSE90594	300	BRD-K42107428	BRD-K42107428	11.74181904761905	0
GSE90594	300	BRD-K15402119	huperzine-a	16.92175595238095	0
GSE90594	300	BRD-K95760042	BRD-K95760042	4.334892857142859	0
GSE90594	300	BRD-K79602928	metformin	5.7438579931972775	0
GSE90594	300	BRD-K44812652	BRD-K44812652	7.3464047619047665	0
GSE90594	300	BRD-A50311610	meclizine	10.263735714285712	0
GSE90594	300	BRD-K90090262	BRD-K90090262	11.535571428571421	0
GSE90594	300	BRD-K41227865	ST-4039884	13.784396825396817	0
GSE90594	300	BRD-K48673964	BRD-K48673964	6.8447214285714315	0
GSE90594	300	BRD-K90553655	testosterone	15.02786904761904	0
GSE90594	300	BRD-K23875128	RHO-kinase-inhibitor-III[rockout]	10.238619047619038	0
GSE90594	300	BRD-K49519144	LY-2140023	19.323601190476186	0
GSE90594	300	BRD-K59024967	BRD-K59024967	7.3741488095238	0
GSE90594	300	BRD-A00474148	BRD-A00474148	9.379470238095239	0
GSE90594	300	BRD-K49403449	BRD-K49403449	13.427330952380945	0
GSE90594	300	BRD-K38910949	ST-4075437	7.949559307359311	0
GSE90594	300	BRD-K10466330	AVA	14.785573809523816	0
GSE90594	300	BRD-K48115423	2-(4-methoxybenzylthio)-6-methylpyrimidin-4-ol	6.832559523809515	0
GSE90594	300	BRD-K13571841	pepstatin	8.604761904761899	0
GSE90594	300	BRD-K14945759	KU-C104127	18.94929761904762	0
GSE90594	300	BRD-A00626522	BRD-A00626522	11.608323809523807	0
GSE90594	300	BRD-K97631938	BRD-K97631938	6.579319047619046	0
GSE90594	300	BRD-K31706415	BRD-K31706415	5.486967857142853	0
GSE90594	300	BRD-K99595596	salsolinol	13.38080952380952	0
GSE90594	300	BRD-K27184429	levocetirizine	6.900309523809523	0
GSE90594	300	BRD-K19894101	MST-312	11.86389285714285	0
GSE90594	300	BRD-K43620258	CHEMBL-399379	9.581926190476194	0
GSE90594	300	BRD-A41649729	BRD-A41649729	10.300535714285703	0
GSE90594	300	BRD-K31268420	NSC-693868	11.363533333333338	0
GSE90594	300	BRD-K77554836	triamcinolone	9.431583333333334	0
GSE90594	300	BRD-K75295174	alisertib	12.031319047619043	0
GSE90594	300	BRD-K71860425	CDK2-5-inhibitor	10.698509523809511	0
GSE90594	300	BRD-K65639003	icariin	8.709988095238092	0
GSE90594	300	BRD-K45044657	BRD-K45044657	9.072285714285712	0
GSE90594	300	BRD-K15601958	SEW-2871	9.706238095238099	0
GSE90594	300	BRD-K37372998	BRD-K37372998	9.488130952380951	0
GSE90594	300	BRD-K36533576	KU-C103875	5.462863095238095	0
GSE90594	300	BRD-A39121618	BRD-A39121618	14.241523809523816	0
GSE90594	300	BRD-K61463582	BRD-K61463582	9.738461904761904	0
GSE90594	300	BRD-K06071925	BRD-K06071925	10.40721428571428	0
GSE90594	300	BRD-K78559095	BRD-K78559095	14.169666666666663	0
GSE90594	300	BRD-K81144366	moxisylyte	11.561545238095238	0
GSE90594	300	BRD-K98471960	BRD-K98471960	11.566063095238095	0
GSE90594	300	BRD-K98521173	desoxycortone	9.04195238095238	0
GSE90594	300	BRD-K00532621	midazolam	8.214290476190468	0
GSE90594	300	BRD-K55260239	BRD-K55260239	9.10190476190476	0
GSE90594	300	BRD-K73082558	BRD-K73082558	9.939547402597402	0
GSE90594	300	BRD-K49327517	THZ-2-98-01	11.071342857142865	0
GSE90594	300	BRD-K07516181	BRD-K07516181	8.19954761904762	0
GSE90594	300	BRD-K34388789	BRD-K34388789	8.169348809523804	0
GSE90594	300	BRD-K14993104	bemegride	11.419958333333332	0
GSE90594	300	BRD-K94381355	BRD-K94381355	18.037309523809512	0
GSE90594	300	BRD-K45542213	BRD-K45542213	8.7734880952381	0
GSE90594	300	BRD-A63043573	cabergoline	7.594589285714288	0
GSE90594	300	BRD-K68144790	glycodeoxycholic-acid	13.661321428571416	0
GSE90594	300	BRD-K68102868	BRD-K68102868	14.881749999999991	0
GSE90594	300	BRD-K43256821	BRD-K43256821	6.667916666666664	0
GSE90594	300	BRD-A33833419	TER-14687	13.879583333333336	0
GSE90594	300	BRD-K47695085	BRD-K47695085	10.392130952380944	0
GSE90594	300	BRD-K60667905	SA-427228	9.241500000000002	0
GSE90594	300	BRD-K65774694	BRD-K65774694	9.913749999999999	0
GSE90594	300	BRD-A96897502	U-74389F	14.072833333333335	0
GSE90594	300	BRD-K86048057	BRD-K86048057	10.87891428571428	0
GSE90594	300	BRD-K58601216	SA-1922927	10.268184523809524	0
GSE90594	300	BRD-K73276569	BRD-K73276569	11.89055952380953	0
GSE90594	300	BRD-K40892394	AR-C133057XX	9.86806349206348	0
GSE90594	300	BRD-K52850071	WHI-P154	5.571610714285717	0
GSE90594	300	BRD-K28112517	BRD-K28112517	6.667999999999997	0
GSE90594	300	BRD-K91701654	U-0126	6.009428571428579	0
GSE90594	300	BRD-K08317416	BRD-K08317416	7.764999999999993	0
GSE90594	300	BRD-A06726973	dibutyrylcyclic-gmp	9.198732142857137	0
GSE90594	300	BRD-K49371609	PIK-75	13.154669897959172	0
GSE90594	300	BRD-A15435692	BMY-14802	10.803333333333335	0
GSE90594	300	BRD-A03926027	ST-014147	10.088249999999993	0
GSE90594	300	BRD-K58223721	BRD-K58223721	19.608202380952374	0
GSE90594	300	BRD-K87730440	BRD-K87730440	11.406327380952384	0
GSE90594	300	BRD-A32164164	methyllycaconitine	8.06732738095237	0
GSE90594	300	BRD-K93623501	BRD-K93623501	11.860964285714282	0
GSE90594	300	BRD-A11095214	BRD-A11095214	10.054380952380955	0
GSE90594	300	BRD-K99515112	ST-4029010	15.512619047619042	0
GSE90594	300	BRD-K58033748	BRD-K58033748	12.23755476190476	0
GSE90594	300	BRD-K57285282	JAS07-006	7.157464285714291	0
GSE90594	300	BRD-K45356824	SA-1973497	8.105385714285717	0
GSE90594	300	BRD-K92446736	zatebradine	5.639735714285718	0
GSE90594	300	BRD-A92651262	nalbuphine	8.864866666666666	0
GSE90594	300	BRD-K76876037	BRD-K76876037	9.610339285714282	0
GSE90594	300	BRD-K81300454	BRD-K81300454	8.709730612244895	0
GSE90594	300	BRD-A61189834	BRD-A61189834	10.20781904761904	0
GSE90594	300	BRD-K82865713	prostaglandin-b2	10.600071428571436	0
GSE90594	300	BRD-K41571462	BRD-K41571462	12.025530952380954	0
GSE90594	300	BRD-K50297939	UTMB-00530	12.652952380952371	0
GSE90594	300	BRD-K46766488	S-14506	14.127523809523817	0
GSE90594	300	BRD-K47808476	BRD-K47808476	14.161934523809528	0
GSE90594	300	BRD-K68007270	BRD-K68007270	7.982726190476184	0
GSE90594	300	BRD-K98064019	BRD-K98064019	7.435202380952383	0
GSE90594	300	BRD-A96485169	EBPC	14.891976190476178	0
GSE90594	300	BRD-A97479839	piperidolate	8.602485714285713	0
GSE90594	300	BRD-K20401833	BRD-K20401833	9.296673469387752	0
GSE90594	300	BRD-K07110772	SA-433965	11.671360714285704	0
GSE90594	300	BRD-A07440155	labetalol	7.955152380952374	0
GSE90594	300	BRD-K79489641	BRD-K79489641	10.963113095238091	0
GSE90594	300	BRD-A77216878	manumycin-a	10.274385714285717	0
GSE90594	300	BRD-K48188942	BG-STK33-59	10.370976190476192	0
GSE90594	300	BRD-K95785537	PP-2	1.206928571428568	0
GSE90594	300	BRD-K12690157	BRD-K12690157	5.799445238095239	0
GSE90594	300	BRD-A38878059	BL-077	9.636315476190466	0
GSE90594	300	BRD-K23319301	BRD-K23319301	5.910842857142846	0
GSE90594	300	BRD-A92439610	triamcinolone-acetonide	8.43147619047618	0
GSE90594	300	BRD-K89451433	BRD-K89451433	6.124467857142851	0
GSE90594	300	BRD-K98404142	BRD-K98404142	8.109845238095243	0
GSE90594	300	BRD-K58900438	BRD-K58900438	11.941488095238094	0
GSE90594	300	BRD-K51683034	BRD-K51683034	13.015219047619048	0
GSE90594	300	BRD-K88008216	BRD-K88008216	9.542458333333336	0
GSE90594	300	BRD-K84284996	PSH-025	16.187167857142853	0
GSE90594	300	BRD-K78167523	BRD-K78167523	4.242583333333331	0
GSE90594	300	BRD-K26241953	piceatannol	7.060860714285716	0
GSE90594	300	BRD-K53423944	BRD-K53423944	7.185916666666674	0
GSE90594	300	BRD-K69932463	AZD-8055	1.4470000000000005	0
GSE90594	300	BRD-K18972207	BRD-K18972207	10.818690476190474	0
GSE90594	300	BRD-A48631911	mibefradil	9.103825396825403	0
GSE90594	300	BRD-K36862742	hydroflumethiazide	7.128220238095228	0
GSE90594	300	BRD-K95047050	BRD-K95047050	14.083720238095246	0
GSE90594	300	BRD-A18411371	BRD-A18411371	10.964616666666668	0
GSE90594	300	BRD-K16782389	BRD-K16782389	6.377452380952377	0
GSE90594	300	BRD-K98143437	SB-239063	6.896190476190474	0
GSE90594	300	BRD-K75264577	BRD-K75264577	10.811863095238103	0
GSE90594	300	BRD-K50985433	BRD-K50985433	15.323904761904764	0
GSE90594	300	BRD-K27881911	BRD-K27881911	10.460985714285718	0
GSE90594	300	BRD-K53523901	arctigenin	7.797069047619046	0
GSE90594	300	BRD-K46862739	metyrapone	9.08437716450216	0
GSE90594	300	BRD-K80451230	zamifenacin	9.528559523809516	0
GSE90594	300	BRD-K21387011	BRD-K21387011	11.374202380952378	0
GSE90594	300	BRD-K37940862	BRD-K37940862	10.140964285714286	0
GSE90594	300	BRD-K68202742	trichostatin-a	5.9509642857142735	0
GSE90594	300	BRD-A67605442	tetrahydrobiopterin	9.631547619047627	0
GSE90594	300	BRD-A15493168	tetracycline	11.884761904761907	0
GSE90594	300	BRD-K85383046	IAA-94	8.475732142857142	0
GSE90594	300	BRD-A43640821	BRD-A43640821	4.616166666666671	0
GSE90594	300	BRD-K89020690	BRD-K89020690	6.164892857142862	0
GSE90594	300	BRD-A73741725	exemestane	13.955142857142858	0
GSE90594	300	BRD-K14788918	BRD-K14788918	7.615428571428562	0
GSE90594	300	BRD-K54314721	zolmitriptan	12.509464285714284	0
GSE90594	300	BRD-K05979026	BRD-K05979026	9.395892857142861	0
GSE90594	300	BRD-K03319035	maprotiline	8.608559523809516	0
GSE90594	300	BRD-K44931544	BRD-K44931544	10.526327380952381	0
GSE90594	300	BRD-K95033227	BRD-K95033227	8.202297619047613	0
GSE90594	300	BRD-A93236127	digitoxin	5.971902380952385	0
GSE90594	300	BRD-K19166598	BRD-K19166598	4.592351190476192	0
GSE90594	300	BRD-K25050358	BRD-K25050358	11.263089285714285	0
GSE90594	300	BRD-K32610195	androstenedione	12.590033333333334	0
GSE90594	300	BRD-A62434282	goserelin	9.846374999999998	0
GSE90594	300	BRD-K82747512	BRD-K82747512	10.778380952380957	0
GSE90594	300	BRD-K27305650	LY-294002	1.45333333333333	0
GSE90594	300	BRD-K98739056	BRD-K98739056	8.933297619047615	0
GSE90594	300	BRD-K93158953	BRD-K93158953	7.967011904761904	0
GSE90594	300	BRD-K72903603	zidovudine	13.811797619047605	0
GSE36169	100	Li	Li	0.21547072777178308	1
GSE36169	100	Zn_proxy	Zn_proxy	3.4153222122487503	1
GSE36169	100	GSK3	GSK3	1.5849397964343428	1
GSE36169	100	Li_Zn	Li_Zn	3.6307929400205334	1
GSE36169	100	GSK3_Zn	GSK3_Zn	5.000262008683094	1
GSE36169	100	BRD-K46017542	BRD-K46017542	2.959361536376646	0
GSE36169	100	BRD-K49577446	flunisolide	7.021673005673857	0
GSE36169	100	BRD-K94176593	TWS-119	2.258578299219299	0
GSE36169	100	BRD-K92953840	BRD-K92953840	0.9245136110798686	0
GSE36169	100	BRD-K06159959	CCMQ	5.948319365976894	0
GSE36169	100	BRD-A64290322	cyclosporin-a	1.395657406358902	0
GSE36169	100	BRD-K11634954	GBR-13069	3.2185105333677715	0
GSE36169	100	BRD-K42098891	protriptyline	2.1360637948590835	0
GSE36169	100	BRD-K90543092	levonorgestrel	5.624363551597871	0
GSE36169	100	BRD-A75931230	F-1061-0166	2.9144889692833496	0
GSE36169	100	BRD-K96703623	BRD-K96703623	3.7723639732205387	0
GSE36169	100	BRD-K31975688	BRD-K31975688	5.122606256035056	0
GSE36169	100	BRD-K17830172	BRD-K17830172	4.756010607124097	0
GSE36169	100	BRD-K06692906	Gossypetin	2.0576360224219576	0
GSE36169	100	BRD-K68690198	BRD-K68690198	4.078394439312353	0
GSE36169	100	BRD-A91992993	siguazodan	5.904180733711909	0
GSE36169	100	BRD-A56359832	zileuton	1.6679559951165692	0
GSE36169	100	BRD-K08316444	rotenone	2.291832882219338	0
GSE36169	100	BRD-K41713976	E-4031	3.2858832428117437	0
GSE36169	100	BRD-A94413429	NTNCB	2.7161350888052658	0
GSE36169	100	BRD-K69556541	ryanodine	2.508953784225038	0
GSE36169	100	BRD-K04676863	BRD-K04676863	0.8984511758134773	0
GSE36169	100	BRD-K20352452	BRD-K20352452	3.2103740914351793	0
GSE36169	100	BRD-K72420232	WZ-4002	3.7956966644924406	0
GSE36169	100	BRD-K80184735	KUC104240N	2.4078958277980185	0
GSE36169	100	BRD-A83326220	brazilin	6.573010662600472	0
GSE36169	100	BRD-A80383043	4-carboxy-3-hydroxyphenylglycine-(RS)	2.478713000548262	0
GSE36169	100	BRD-K79554012	BRD-K79554012	4.986187062508057	0
GSE36169	100	BRD-A92630576	trimebutine	5.549777955694189	0
GSE36169	100	BRD-K15054362	BRD-K15054362	3.185375397558839	0
GSE36169	100	BRD-A73859745	glycodeoxycholic-acid	2.1228952593188057	0
GSE36169	100	BRD-K02275692	cefotiam	1.8271144879990908	0
GSE36169	100	BRD-K24468827	BRD-K24468827	2.0972856436583767	0
GSE36169	100	BRD-K64754843	BRD-K64754843	5.0857875874769585	0
GSE36169	100	BRD-K15616905	CCCP	7.836620369067481	0
GSE36169	100	BRD-K84937637	sirolimus	2.238904082548884	0
GSE36169	100	BRD-K77790153	BRD-K77790153	2.7975447029930844	0
GSE36169	100	BRD-K98546361	BRD-K98546361	2.3330283563703613	0
GSE36169	100	BRD-K64409586	KU-C104488	2.6507394386980003	0
GSE36169	100	BRD-A98431941	ephedrine	4.220435619932773	0
GSE36169	100	BRD-K28610502	RAN-05	4.923221392930579	0
GSE36169	100	BRD-K15588452	R-96544	2.7460869812033213	0
GSE36169	100	BRD-K17743125	belinostat	1.9670826616539971	0
GSE36169	100	BRD-A59943784	fluticasone	5.401961788775246	0
GSE36169	100	BRD-K42107428	BRD-K42107428	3.203435308788049	0
GSE36169	100	BRD-K15402119	huperzine-a	2.5800913247533814	0
GSE36169	100	BRD-K95760042	BRD-K95760042	1.4528063242296065	0
GSE36169	100	BRD-K79602928	metformin	0.4685558992882814	0
GSE36169	100	BRD-K44812652	BRD-K44812652	0.7776688500367879	0
GSE36169	100	BRD-A50311610	meclizine	3.4645095593673423	0
GSE36169	100	BRD-K90090262	BRD-K90090262	1.268451347345495	0
GSE36169	100	BRD-K41227865	ST-4039884	1.1297661824833933	0
GSE36169	100	BRD-K48673964	BRD-K48673964	2.4535123648052024	0
GSE36169	100	BRD-K90553655	testosterone	2.095395345433325	0
GSE36169	100	BRD-K23875128	RHO-kinase-inhibitor-III[rockout]	2.3404141698132626	0
GSE36169	100	BRD-K49519144	LY-2140023	5.677430541536227	0
GSE36169	100	BRD-K59024967	BRD-K59024967	5.272982742468487	0
GSE36169	100	BRD-A00474148	BRD-A00474148	2.6273950725785404	0
GSE36169	100	BRD-K49403449	BRD-K49403449	3.918236257870406	0
GSE36169	100	BRD-K38910949	ST-4075437	7.705752625111426	0
GSE36169	100	BRD-K10466330	AVA	2.0414171996800836	0
GSE36169	100	BRD-K48115423	2-(4-methoxybenzylthio)-6-methylpyrimidin-4-ol	6.1797861414700686	0
GSE36169	100	BRD-K13571841	pepstatin	3.929165626932773	0
GSE36169	100	BRD-K14945759	KU-C104127	11.265208108680255	0
GSE36169	100	BRD-A00626522	BRD-A00626522	4.477639947586611	0
GSE36169	100	BRD-K97631938	BRD-K97631938	4.4960123004031205	0
GSE36169	100	BRD-K31706415	BRD-K31706415	5.126207038864612	0
GSE36169	100	BRD-K99595596	salsolinol	3.8491156273553604	0
GSE36169	100	BRD-K27184429	levocetirizine	2.926127302155965	0
GSE36169	100	BRD-K19894101	MST-312	2.7039666084126415	0
GSE36169	100	BRD-K43620258	CHEMBL-399379	1.6644578065555287	0
GSE36169	100	BRD-A41649729	BRD-A41649729	5.500560974054371	0
GSE36169	100	BRD-K31268420	NSC-693868	1.3549345085809898	0
GSE36169	100	BRD-K77554836	triamcinolone	4.9878684599207235	0
GSE36169	100	BRD-K75295174	alisertib	6.991894386040595	0
GSE36169	100	BRD-K71860425	CDK2-5-inhibitor	1.7620575729891046	0
GSE36169	100	BRD-K65639003	icariin	6.827934204184145	0
GSE36169	100	BRD-K45044657	BRD-K45044657	4.254581396912972	0
GSE36169	100	BRD-K15601958	SEW-2871	7.595634007117596	0
GSE36169	100	BRD-K37372998	BRD-K37372998	1.3044594880568596	0
GSE36169	100	BRD-K36533576	KU-C103875	0.0	0
GSE36169	100	BRD-A39121618	BRD-A39121618	10.146509946326194	0
GSE36169	100	BRD-K61463582	BRD-K61463582	3.7434468525768314	0
GSE36169	100	BRD-K06071925	BRD-K06071925	1.3109818566080877	0
GSE36169	100	BRD-K78559095	BRD-K78559095	3.5505129078308695	0
GSE36169	100	BRD-K81144366	moxisylyte	3.4650052315125244	0
GSE36169	100	BRD-K98471960	BRD-K98471960	5.537194592647354	0
GSE36169	100	BRD-K98521173	desoxycortone	2.899402665132192	0
GSE36169	100	BRD-K00532621	midazolam	2.7538634777206465	0
GSE36169	100	BRD-K55260239	BRD-K55260239	2.2590441321553647	0
GSE36169	100	BRD-K73082558	BRD-K73082558	1.7711325294162976	0
GSE36169	100	BRD-K49327517	THZ-2-98-01	3.5199773600921165	0
GSE36169	100	BRD-K07516181	BRD-K07516181	4.166401055554859	0
GSE36169	100	BRD-K34388789	BRD-K34388789	1.4280466837794785	0
GSE36169	100	BRD-K14993104	bemegride	5.755267967374519	0
GSE36169	100	BRD-K94381355	BRD-K94381355	2.8315795558974832	0
GSE36169	100	BRD-K45542213	BRD-K45542213	1.0671601065660994	0
GSE36169	100	BRD-A63043573	cabergoline	4.545624570893208	0
GSE36169	100	BRD-K68144790	glycodeoxycholic-acid	9.334436894731233	0
GSE36169	100	BRD-K68102868	BRD-K68102868	5.2440830862905585	0
GSE36169	100	BRD-K43256821	BRD-K43256821	6.157718653570844	0
GSE36169	100	BRD-A33833419	TER-14687	3.6779982787098033	0
GSE36169	100	BRD-K47695085	BRD-K47695085	3.706136157878329	0
GSE36169	100	BRD-K60667905	SA-427228	4.387886000085006	0
GSE36169	100	BRD-K65774694	BRD-K65774694	1.1074871964523858	0
GSE36169	100	BRD-A96897502	U-74389F	8.013361462767664	0
GSE36169	100	BRD-K86048057	BRD-K86048057	2.1927472243158794	0
GSE36169	100	BRD-K58601216	SA-1922927	2.2884594864063583	0
GSE36169	100	BRD-K73276569	BRD-K73276569	5.033675863807721	0
GSE36169	100	BRD-K40892394	AR-C133057XX	1.235933442940754	0
GSE36169	100	BRD-K52850071	WHI-P154	4.102476937259508	0
GSE36169	100	BRD-K28112517	BRD-K28112517	3.7362421720079273	0
GSE36169	100	BRD-K91701654	U-0126	6.691847825493912	0
GSE36169	100	BRD-K08317416	BRD-K08317416	2.9421778204840776	0
GSE36169	100	BRD-A06726973	dibutyrylcyclic-gmp	4.020050155061501	0
GSE36169	100	BRD-K49371609	PIK-75	4.87355761421332	0
GSE36169	100	BRD-A15435692	BMY-14802	1.16555322614622	0
GSE36169	100	BRD-A03926027	ST-014147	3.9461650694265478	0
GSE36169	100	BRD-K58223721	BRD-K58223721	0.8713846372972833	0
GSE36169	100	BRD-K87730440	BRD-K87730440	1.79552425131144	0
GSE36169	100	BRD-A32164164	methyllycaconitine	0.2168967448977608	0
GSE36169	100	BRD-K93623501	BRD-K93623501	1.4030304957322763	0
GSE36169	100	BRD-A11095214	BRD-A11095214	1.7732424746164466	0
GSE36169	100	BRD-K99515112	ST-4029010	2.44046038427582	0
GSE36169	100	BRD-K58033748	BRD-K58033748	0.4056038817713725	0
GSE36169	100	BRD-K57285282	JAS07-006	2.0818299484102987	0
GSE36169	100	BRD-K45356824	SA-1973497	2.257952940158895	0
GSE36169	100	BRD-K92446736	zatebradine	0.8702941291970134	0
GSE36169	100	BRD-A92651262	nalbuphine	1.9330907372031643	0
GSE36169	100	BRD-K76876037	BRD-K76876037	1.1280557149227577	0
GSE36169	100	BRD-K81300454	BRD-K81300454	3.985678528322202	0
GSE36169	100	BRD-A61189834	BRD-A61189834	1.980834338465871	0
GSE36169	100	BRD-K82865713	prostaglandin-b2	8.15774463000998	0
GSE36169	100	BRD-K41571462	BRD-K41571462	11.572389304956689	0
GSE36169	100	BRD-K50297939	UTMB-00530	1.9278812361152997	0
GSE36169	100	BRD-K46766488	S-14506	5.649939410938857	0
GSE36169	100	BRD-K47808476	BRD-K47808476	6.707496024303989	0
GSE36169	100	BRD-K68007270	BRD-K68007270	6.227041870370852	0
GSE36169	100	BRD-K98064019	BRD-K98064019	0.22430433752622075	0
GSE36169	100	BRD-A96485169	EBPC	8.720222558750471	0
GSE36169	100	BRD-A97479839	piperidolate	6.512645765652069	0
GSE36169	100	BRD-K20401833	BRD-K20401833	2.1960263139329723	0
GSE36169	100	BRD-K07110772	SA-433965	4.804468429974631	0
GSE36169	100	BRD-A07440155	labetalol	2.7701617825538807	0
GSE36169	100	BRD-K79489641	BRD-K79489641	4.821435483285945	0
GSE36169	100	BRD-A77216878	manumycin-a	4.5418091299429415	0
GSE36169	100	BRD-K48188942	BG-STK33-59	5.679692016026076	0
GSE36169	100	BRD-K95785537	PP-2	0.0	0
GSE36169	100	BRD-K12690157	BRD-K12690157	1.9784782810799773	0
GSE36169	100	BRD-A38878059	BL-077	0.521333059560618	0
GSE36169	100	BRD-K23319301	BRD-K23319301	9.068813015259517	0
GSE36169	100	BRD-A92439610	triamcinolone-acetonide	3.9695474579573897	0
GSE36169	100	BRD-K89451433	BRD-K89451433	8.358614058736972	0
GSE36169	100	BRD-K98404142	BRD-K98404142	7.165905317769225	0
GSE36169	100	BRD-K58900438	BRD-K58900438	3.588846112815359	0
GSE36169	100	BRD-K51683034	BRD-K51683034	4.5290880078370055	0
GSE36169	100	BRD-K88008216	BRD-K88008216	2.7549979799352524	0
GSE36169	100	BRD-K84284996	PSH-025	4.447709220862448	0
GSE36169	100	BRD-K78167523	BRD-K78167523	1.647029049371529	0
GSE36169	100	BRD-K26241953	piceatannol	3.2079174636309515	0
GSE36169	100	BRD-K53423944	BRD-K53423944	2.2574520270680747	0
GSE36169	100	BRD-K69932463	AZD-8055	0.0	0
GSE36169	100	BRD-K18972207	BRD-K18972207	1.264915910361956	0
GSE36169	100	BRD-A48631911	mibefradil	7.2903296665019965	0
GSE36169	100	BRD-K36862742	hydroflumethiazide	0.0	0
GSE36169	100	BRD-K95047050	BRD-K95047050	4.15903225442354	0
GSE36169	100	BRD-A18411371	BRD-A18411371	3.80151824285286	0
GSE36169	100	BRD-K16782389	BRD-K16782389	2.320504193756829	0
GSE36169	100	BRD-K98143437	SB-239063	5.880929449924976	0
GSE36169	100	BRD-K75264577	BRD-K75264577	1.1359335121972145	0
GSE36169	100	BRD-K50985433	BRD-K50985433	5.222001609043504	0
GSE36169	100	BRD-K27881911	BRD-K27881911	2.2489863077387446	0
GSE36169	100	BRD-K53523901	arctigenin	5.053954698047447	0
GSE36169	100	BRD-K46862739	metyrapone	3.0705428542904136	0
GSE36169	100	BRD-K80451230	zamifenacin	5.340516456124284	0
GSE36169	100	BRD-K21387011	BRD-K21387011	1.9654198465633548	0
GSE36169	100	BRD-K37940862	BRD-K37940862	8.814603282419966	0
GSE36169	100	BRD-K68202742	trichostatin-a	3.232786290831556	0
GSE36169	100	BRD-A67605442	tetrahydrobiopterin	6.286547850017888	0
GSE36169	100	BRD-A15493168	tetracycline	4.783711626011923	0
GSE36169	100	BRD-K85383046	IAA-94	3.405408340985049	0
GSE36169	100	BRD-A43640821	BRD-A43640821	2.8626504216149766	0
GSE36169	100	BRD-K89020690	BRD-K89020690	1.7835430103076684	0
GSE36169	100	BRD-A73741725	exemestane	6.04875433483932	0
GSE36169	100	BRD-K14788918	BRD-K14788918	4.144991125072917	0
GSE36169	100	BRD-K54314721	zolmitriptan	5.558847614209738	0
GSE36169	100	BRD-K05979026	BRD-K05979026	7.171463606114313	0
GSE36169	100	BRD-K03319035	maprotiline	4.441140210007243	0
GSE36169	100	BRD-K44931544	BRD-K44931544	2.2712450573902156	0
GSE36169	100	BRD-K95033227	BRD-K95033227	6.403425153895411	0
GSE36169	100	BRD-A93236127	digitoxin	2.1334206007422916	0
GSE36169	100	BRD-K19166598	BRD-K19166598	4.809408202158097	0
GSE36169	100	BRD-K25050358	BRD-K25050358	2.3131661679996323	0
GSE36169	100	BRD-K32610195	androstenedione	6.5963129079056335	0
GSE36169	100	BRD-A62434282	goserelin	3.3267607581945757	0
GSE36169	100	BRD-K82747512	BRD-K82747512	3.795440647803507	0
GSE36169	100	BRD-K27305650	LY-294002	0.8401572244492979	0
GSE36169	100	BRD-K98739056	BRD-K98739056	1.388856143466831	0
GSE36169	100	BRD-K93158953	BRD-K93158953	3.0613225025469673	0
GSE36169	100	BRD-K72903603	zidovudine	6.305746449795482	0
GSE36169	300	Li	Li	4.935724902476078	1
GSE36169	300	Zn_proxy	Zn_proxy	8.690722162977265	1
GSE36169	300	GSK3	GSK3	8.61193707320811	1
GSE36169	300	Li_Zn	Li_Zn	13.626447065453345	1
GSE36169	300	GSK3_Zn	GSK3_Zn	15.074853144973623	1
GSE36169	300	BRD-K46017542	BRD-K46017542	7.806221578473376	0
GSE36169	300	BRD-K49577446	flunisolide	18.130453001814484	0
GSE36169	300	BRD-K94176593	TWS-119	8.535165487361654	0
GSE36169	300	BRD-K92953840	BRD-K92953840	14.176526922255231	0
GSE36169	300	BRD-K06159959	CCMQ	11.923735699535229	0
GSE36169	300	BRD-A64290322	cyclosporin-a	6.427142048546649	0
GSE36169	300	BRD-K11634954	GBR-13069	10.658957158933006	0
GSE36169	300	BRD-K42098891	protriptyline	7.226967328772667	0
GSE36169	300	BRD-K90543092	levonorgestrel	16.88923720050688	0
GSE36169	300	BRD-A75931230	F-1061-0166	11.598824276024605	0
GSE36169	300	BRD-K96703623	BRD-K96703623	16.80896863935105	0
GSE36169	300	BRD-K31975688	BRD-K31975688	8.013518893502457	0
GSE36169	300	BRD-K17830172	BRD-K17830172	9.480102701991592	0
GSE36169	300	BRD-K06692906	Gossypetin	6.003097661047688	0
GSE36169	300	BRD-K68690198	BRD-K68690198	9.302042268536042	0
GSE36169	300	BRD-A91992993	siguazodan	13.682369439531335	0
GSE36169	300	BRD-A56359832	zileuton	5.908914576280684	0
GSE36169	300	BRD-K08316444	rotenone	9.062506908881867	0
GSE36169	300	BRD-K41713976	E-4031	16.825876095830395	0
GSE36169	300	BRD-A94413429	NTNCB	9.735890607334948	0
GSE36169	300	BRD-K69556541	ryanodine	8.66002584088393	0
GSE36169	300	BRD-K04676863	BRD-K04676863	8.580520104966345	0
GSE36169	300	BRD-K20352452	BRD-K20352452	9.179100600302474	0
GSE36169	300	BRD-K72420232	WZ-4002	11.808949625339938	0
GSE36169	300	BRD-K80184735	KUC104240N	7.9186244336240765	0
GSE36169	300	BRD-A83326220	brazilin	22.817810995501308	0
GSE36169	300	BRD-A80383043	4-carboxy-3-hydroxyphenylglycine-(RS)	6.755248540803526	0
GSE36169	300	BRD-K79554012	BRD-K79554012	10.248924634338273	0
GSE36169	300	BRD-A92630576	trimebutine	14.48937242609442	0
GSE36169	300	BRD-K15054362	BRD-K15054362	6.100734328511129	0
GSE36169	300	BRD-A73859745	glycodeoxycholic-acid	4.947241200039143	0
GSE36169	300	BRD-K02275692	cefotiam	9.871868799226874	0
GSE36169	300	BRD-K24468827	BRD-K24468827	4.029937258096674	0
GSE36169	300	BRD-K64754843	BRD-K64754843	9.72901848154017	0
GSE36169	300	BRD-K15616905	CCCP	16.34286541897275	0
GSE36169	300	BRD-K84937637	sirolimus	5.544783145640531	0
GSE36169	300	BRD-K77790153	BRD-K77790153	9.332779704387796	0
GSE36169	300	BRD-K98546361	BRD-K98546361	6.699151280582243	0
GSE36169	300	BRD-K64409586	KU-C104488	5.186766880032739	0
GSE36169	300	BRD-A98431941	ephedrine	12.507151291819685	0
GSE36169	300	BRD-K28610502	RAN-05	13.188912299624706	0
GSE36169	300	BRD-K15588452	R-96544	12.115529798567742	0
GSE36169	300	BRD-K17743125	belinostat	5.538778623882038	0
GSE36169	300	BRD-A59943784	fluticasone	16.67706175499594	0
GSE36169	300	BRD-K42107428	BRD-K42107428	10.12255562609409	0
GSE36169	300	BRD-K15402119	huperzine-a	6.613525001995867	0
GSE36169	300	BRD-K95760042	BRD-K95760042	7.169522834854474	0
GSE36169	300	BRD-K79602928	metformin	11.60925380723307	0
GSE36169	300	BRD-K44812652	BRD-K44812652	5.031683732301033	0
GSE36169	300	BRD-A50311610	meclizine	9.552802930703074	0
GSE36169	300	BRD-K90090262	BRD-K90090262	6.092244311580908	0
GSE36169	300	BRD-K41227865	ST-4039884	8.189667459666918	0
GSE36169	300	BRD-K48673964	BRD-K48673964	5.238013083596691	0
GSE36169	300	BRD-K90553655	testosterone	10.44451594563532	0
GSE36169	300	BRD-K23875128	RHO-kinase-inhibitor-III[rockout]	5.585711199974786	0
GSE36169	300	BRD-K49519144	LY-2140023	7.736688308546492	0
GSE36169	300	BRD-K59024967	BRD-K59024967	10.776218274133269	0
GSE36169	300	BRD-A00474148	BRD-A00474148	12.876730389794936	0
GSE36169	300	BRD-K49403449	BRD-K49403449	10.742791009915795	0
GSE36169	300	BRD-K38910949	ST-4075437	10.6853722666179	0
GSE36169	300	BRD-K10466330	AVA	14.815723037747048	0
GSE36169	300	BRD-K48115423	2-(4-methoxybenzylthio)-6-methylpyrimidin-4-ol	11.368658304876401	0
GSE36169	300	BRD-K13571841	pepstatin	13.943522311329446	0
GSE36169	300	BRD-K14945759	KU-C104127	24.689759999874834	0
GSE36169	300	BRD-A00626522	BRD-A00626522	14.201253615253023	0
GSE36169	300	BRD-K97631938	BRD-K97631938	9.894485254272162	0
GSE36169	300	BRD-K31706415	BRD-K31706415	10.94325367087772	0
GSE36169	300	BRD-K99595596	salsolinol	12.756516473527684	0
GSE36169	300	BRD-K27184429	levocetirizine	11.751586100367545	0
GSE36169	300	BRD-K19894101	MST-312	14.4363005935657	0
GSE36169	300	BRD-K43620258	CHEMBL-399379	13.397672780438423	0
GSE36169	300	BRD-A41649729	BRD-A41649729	11.365956208690687	0
GSE36169	300	BRD-K31268420	NSC-693868	12.673570141361111	0
GSE36169	300	BRD-K77554836	triamcinolone	12.974511980790323	0
GSE36169	300	BRD-K75295174	alisertib	13.54537679042657	0
GSE36169	300	BRD-K71860425	CDK2-5-inhibitor	14.095574391681513	0
GSE36169	300	BRD-K65639003	icariin	13.86520154767699	0
GSE36169	300	BRD-K45044657	BRD-K45044657	15.462922480462014	0
GSE36169	300	BRD-K15601958	SEW-2871	16.560421772290958	0
GSE36169	300	BRD-K37372998	BRD-K37372998	7.356940721359419	0
GSE36169	300	BRD-K36533576	KU-C103875	5.739314645466374	0
GSE36169	300	BRD-A39121618	BRD-A39121618	22.550732360091747	0
GSE36169	300	BRD-K61463582	BRD-K61463582	5.653120849922232	0
GSE36169	300	BRD-K06071925	BRD-K06071925	6.333458375220545	0
GSE36169	300	BRD-K78559095	BRD-K78559095	10.026445538447083	0
GSE36169	300	BRD-K81144366	moxisylyte	10.04860538960719	0
GSE36169	300	BRD-K98471960	BRD-K98471960	6.723724086770662	0
GSE36169	300	BRD-K98521173	desoxycortone	5.964473255237682	0
GSE36169	300	BRD-K00532621	midazolam	12.3832549543021	0
GSE36169	300	BRD-K55260239	BRD-K55260239	7.570534921217489	0
GSE36169	300	BRD-K73082558	BRD-K73082558	2.457847882026259	0
GSE36169	300	BRD-K49327517	THZ-2-98-01	10.485391209653965	0
GSE36169	300	BRD-K07516181	BRD-K07516181	7.150638110618357	0
GSE36169	300	BRD-K34388789	BRD-K34388789	6.110678128085885	0
GSE36169	300	BRD-K14993104	bemegride	13.252648602459033	0
GSE36169	300	BRD-K94381355	BRD-K94381355	12.51588676363489	0
GSE36169	300	BRD-K45542213	BRD-K45542213	5.1275467546695115	0
GSE36169	300	BRD-A63043573	cabergoline	9.381086131402157	0
GSE36169	300	BRD-K68144790	glycodeoxycholic-acid	18.638267550036712	0
GSE36169	300	BRD-K68102868	BRD-K68102868	17.671331053794095	0
GSE36169	300	BRD-K43256821	BRD-K43256821	10.237286153027839	0
GSE36169	300	BRD-A33833419	TER-14687	10.63444500025302	0
GSE36169	300	BRD-K47695085	BRD-K47695085	9.922997935005522	0
GSE36169	300	BRD-K60667905	SA-427228	12.708583836121694	0
GSE36169	300	BRD-K65774694	BRD-K65774694	10.042957128672844	0
GSE36169	300	BRD-A96897502	U-74389F	14.75070317393525	0
GSE36169	300	BRD-K86048057	BRD-K86048057	12.456287912786582	0
GSE36169	300	BRD-K58601216	SA-1922927	4.766303986351055	0
GSE36169	300	BRD-K73276569	BRD-K73276569	13.69165897765141	0
GSE36169	300	BRD-K40892394	AR-C133057XX	7.549138266546582	0
GSE36169	300	BRD-K52850071	WHI-P154	7.8855834855483655	0
GSE36169	300	BRD-K28112517	BRD-K28112517	7.5145787384907194	0
GSE36169	300	BRD-K91701654	U-0126	11.573103059027376	0
GSE36169	300	BRD-K08317416	BRD-K08317416	5.6207172353668655	0
GSE36169	300	BRD-A06726973	dibutyrylcyclic-gmp	9.49429703943097	0
GSE36169	300	BRD-K49371609	PIK-75	7.826883942509268	0
GSE36169	300	BRD-A15435692	BMY-14802	9.877578575212016	0
GSE36169	300	BRD-A03926027	ST-014147	7.8556645639116125	0
GSE36169	300	BRD-K58223721	BRD-K58223721	8.967484742966965	0
GSE36169	300	BRD-K87730440	BRD-K87730440	7.182405932250056	0
GSE36169	300	BRD-A32164164	methyllycaconitine	11.502642334854457	0
GSE36169	300	BRD-K93623501	BRD-K93623501	7.066949256475696	0
GSE36169	300	BRD-A11095214	BRD-A11095214	11.649021517137868	0
GSE36169	300	BRD-K99515112	ST-4029010	7.187854510036952	0
GSE36169	300	BRD-K58033748	BRD-K58033748	7.877449734250977	0
GSE36169	300	BRD-K57285282	JAS07-006	11.023298056573275	0
GSE36169	300	BRD-K45356824	SA-1973497	7.7990404900625805	0
GSE36169	300	BRD-K92446736	zatebradine	4.923828387013123	0
GSE36169	300	BRD-A92651262	nalbuphine	4.383881132034645	0
GSE36169	300	BRD-K76876037	BRD-K76876037	4.243237868143886	0
GSE36169	300	BRD-K81300454	BRD-K81300454	8.46894936287545	0
GSE36169	300	BRD-A61189834	BRD-A61189834	5.379345668987977	0
GSE36169	300	BRD-K82865713	prostaglandin-b2	18.08207906746171	0
GSE36169	300	BRD-K41571462	BRD-K41571462	16.19376993315607	0
GSE36169	300	BRD-K50297939	UTMB-00530	8.340631397144652	0
GSE36169	300	BRD-K46766488	S-14506	13.51383637250075	0
GSE36169	300	BRD-K47808476	BRD-K47808476	10.29090625672834	0
GSE36169	300	BRD-K68007270	BRD-K68007270	19.32630719670668	0
GSE36169	300	BRD-K98064019	BRD-K98064019	4.855635364957087	0
GSE36169	300	BRD-A96485169	EBPC	12.780657600653852	0
GSE36169	300	BRD-A97479839	piperidolate	10.62180335020155	0
GSE36169	300	BRD-K20401833	BRD-K20401833	9.393382333738735	0
GSE36169	300	BRD-K07110772	SA-433965	14.019468972964308	0
GSE36169	300	BRD-A07440155	labetalol	10.630858987233122	0
GSE36169	300	BRD-K79489641	BRD-K79489641	9.621810884040908	0
GSE36169	300	BRD-A77216878	manumycin-a	21.076824266560944	0
GSE36169	300	BRD-K48188942	BG-STK33-59	9.076425325282148	0
GSE36169	300	BRD-K95785537	PP-2	2.798417752624393	0
GSE36169	300	BRD-K12690157	BRD-K12690157	6.798609153426034	0
GSE36169	300	BRD-A38878059	BL-077	10.707047617955348	0
GSE36169	300	BRD-K23319301	BRD-K23319301	12.002663268084865	0
GSE36169	300	BRD-A92439610	triamcinolone-acetonide	8.66092109155689	0
GSE36169	300	BRD-K89451433	BRD-K89451433	16.58082131318366	0
GSE36169	300	BRD-K98404142	BRD-K98404142	12.55298359565273	0
GSE36169	300	BRD-K58900438	BRD-K58900438	11.98823559456462	0
GSE36169	300	BRD-K51683034	BRD-K51683034	17.66243052482623	0
GSE36169	300	BRD-K88008216	BRD-K88008216	9.35420801034049	0
GSE36169	300	BRD-K84284996	PSH-025	25.747765524662995	0
GSE36169	300	BRD-K78167523	BRD-K78167523	6.5400978239230865	0
GSE36169	300	BRD-K26241953	piceatannol	10.92373585818996	0
GSE36169	300	BRD-K53423944	BRD-K53423944	13.395081408423177	0
GSE36169	300	BRD-K69932463	AZD-8055	2.6217467863634845	0
GSE36169	300	BRD-K18972207	BRD-K18972207	7.146196536725511	0
GSE36169	300	BRD-A48631911	mibefradil	11.465099871940708	0
GSE36169	300	BRD-K36862742	hydroflumethiazide	11.356320323886612	0
GSE36169	300	BRD-K95047050	BRD-K95047050	14.420000876300142	0
GSE36169	300	BRD-A18411371	BRD-A18411371	14.793373204146842	0
GSE36169	300	BRD-K16782389	BRD-K16782389	10.663206594735666	0
GSE36169	300	BRD-K98143437	SB-239063	13.90314579304191	0
GSE36169	300	BRD-K75264577	BRD-K75264577	8.138664613592683	0
GSE36169	300	BRD-K50985433	BRD-K50985433	14.898569646389351	0
GSE36169	300	BRD-K27881911	BRD-K27881911	9.051049732848242	0
GSE36169	300	BRD-K53523901	arctigenin	11.521774973963609	0
GSE36169	300	BRD-K46862739	metyrapone	7.032505538239612	0
GSE36169	300	BRD-K80451230	zamifenacin	9.383349104805063	0
GSE36169	300	BRD-K21387011	BRD-K21387011	7.724873924704268	0
GSE36169	300	BRD-K37940862	BRD-K37940862	20.391270728842724	0
GSE36169	300	BRD-K68202742	trichostatin-a	8.353649692010183	0
GSE36169	300	BRD-A67605442	tetrahydrobiopterin	12.85229390904597	0
GSE36169	300	BRD-A15493168	tetracycline	7.104795436983976	0
GSE36169	300	BRD-K85383046	IAA-94	6.2893240669958255	0
GSE36169	300	BRD-A43640821	BRD-A43640821	8.473296242220528	0
GSE36169	300	BRD-K89020690	BRD-K89020690	10.157817127081628	0
GSE36169	300	BRD-A73741725	exemestane	14.361080629122046	0
GSE36169	300	BRD-K14788918	BRD-K14788918	12.809689674192999	0
GSE36169	300	BRD-K54314721	zolmitriptan	17.671149563363013	0
GSE36169	300	BRD-K05979026	BRD-K05979026	17.37200515924155	0
GSE36169	300	BRD-K03319035	maprotiline	6.788284462758609	0
GSE36169	300	BRD-K44931544	BRD-K44931544	16.285045691392785	0
GSE36169	300	BRD-K95033227	BRD-K95033227	12.737664184544267	0
GSE36169	300	BRD-A93236127	digitoxin	9.074829516889567	0
GSE36169	300	BRD-K19166598	BRD-K19166598	6.390239271281006	0
GSE36169	300	BRD-K25050358	BRD-K25050358	10.053526521551307	0
GSE36169	300	BRD-K32610195	androstenedione	15.32720899521619	0
GSE36169	300	BRD-A62434282	goserelin	8.33908233766087	0
GSE36169	300	BRD-K82747512	BRD-K82747512	7.551936274714455	0
GSE36169	300	BRD-K27305650	LY-294002	4.013087649723218	0
GSE36169	300	BRD-K98739056	BRD-K98739056	2.99765776717857	0
GSE36169	300	BRD-K93158953	BRD-K93158953	10.107089868989116	0
GSE36169	300	BRD-K72903603	zidovudine	11.325929155552931	0
GSE66663	100	Li	Li	36.96747605113889	1
GSE66663	100	Zn_proxy	Zn_proxy	30.10718360475	1
GSE66663	100	GSK3	GSK3	21.139805196071432	1
GSE66663	100	Li_Zn	Li_Zn	66.4267910117778	1
GSE66663	100	GSK3_Zn	GSK3_Zn	50.85762021648811	1
GSE66663	100	BRD-K46017542	BRD-K46017542	18.127963810177782	0
GSE66663	100	BRD-K49577446	flunisolide	34.950636743777764	0
GSE66663	100	BRD-K94176593	TWS-119	37.04809271262698	0
GSE66663	100	BRD-K92953840	BRD-K92953840	18.925215676999997	0
GSE66663	100	BRD-K06159959	CCMQ	23.57583385297222	0
GSE66663	100	BRD-A64290322	cyclosporin-a	46.61050660880556	0
GSE66663	100	BRD-K11634954	GBR-13069	59.863652115502376	0
GSE66663	100	BRD-K42098891	protriptyline	48.17560464194445	0
GSE66663	100	BRD-K90543092	levonorgestrel	29.333951925850002	0
GSE66663	100	BRD-A75931230	F-1061-0166	31.947672391722232	0
GSE66663	100	BRD-K96703623	BRD-K96703623	33.39183711922221	0
GSE66663	100	BRD-K31975688	BRD-K31975688	27.546216645916672	0
GSE66663	100	BRD-K17830172	BRD-K17830172	34.408469743050006	0
GSE66663	100	BRD-K06692906	Gossypetin	25.97568175986666	0
GSE66663	100	BRD-K68690198	BRD-K68690198	43.64217343572221	0
GSE66663	100	BRD-A91992993	siguazodan	25.917441101666657	0
GSE66663	100	BRD-A56359832	zileuton	23.210684218861108	0
GSE66663	100	BRD-K08316444	rotenone	27.004426734194432	0
GSE66663	100	BRD-K41713976	E-4031	21.197837552377777	0
GSE66663	100	BRD-A94413429	NTNCB	75.30096717069443	0
GSE66663	100	BRD-K69556541	ryanodine	21.92872944213889	0
GSE66663	100	BRD-K04676863	BRD-K04676863	13.645920763083334	0
GSE66663	100	BRD-K20352452	BRD-K20352452	22.677279572422215	0
GSE66663	100	BRD-K72420232	WZ-4002	42.054280287744454	0
GSE66663	100	BRD-K80184735	KUC104240N	18.92217121641667	0
GSE66663	100	BRD-A83326220	brazilin	35.023270749500014	0
GSE66663	100	BRD-A80383043	4-carboxy-3-hydroxyphenylglycine-(RS)	32.74896710711111	0
GSE66663	100	BRD-K79554012	BRD-K79554012	29.552643851914283	0
GSE66663	100	BRD-A92630576	trimebutine	24.591291839777785	0
GSE66663	100	BRD-K15054362	BRD-K15054362	28.908758993777763	0
GSE66663	100	BRD-A73859745	glycodeoxycholic-acid	15.014700526222224	0
GSE66663	100	BRD-K02275692	cefotiam	22.891706386000003	0
GSE66663	100	BRD-K24468827	BRD-K24468827	33.52348419016665	0
GSE66663	100	BRD-K64754843	BRD-K64754843	39.135948670738884	0
GSE66663	100	BRD-K15616905	CCCP	41.52313301419446	0
GSE66663	100	BRD-K84937637	sirolimus	48.314146386916676	0
GSE66663	100	BRD-K77790153	BRD-K77790153	37.77607757647223	0
GSE66663	100	BRD-K98546361	BRD-K98546361	31.360183180283336	0
GSE66663	100	BRD-K64409586	KU-C104488	27.902321696361106	0
GSE66663	100	BRD-A98431941	ephedrine	35.608109033138895	0
GSE66663	100	BRD-K28610502	RAN-05	36.75694180399208	0
GSE66663	100	BRD-K15588452	R-96544	52.80525919788887	0
GSE66663	100	BRD-K17743125	belinostat	37.454867263444456	0
GSE66663	100	BRD-A59943784	fluticasone	37.77061337141668	0
GSE66663	100	BRD-K42107428	BRD-K42107428	23.060449154133327	0
GSE66663	100	BRD-K15402119	huperzine-a	21.170234658027777	0
GSE66663	100	BRD-K95760042	BRD-K95760042	33.65090273028332	0
GSE66663	100	BRD-K79602928	metformin	25.93212919063073	0
GSE66663	100	BRD-K44812652	BRD-K44812652	30.99562217917223	0
GSE66663	100	BRD-A50311610	meclizine	26.40691376633333	0
GSE66663	100	BRD-K90090262	BRD-K90090262	21.126420657038874	0
GSE66663	100	BRD-K41227865	ST-4039884	32.38497459172222	0
GSE66663	100	BRD-K48673964	BRD-K48673964	24.172844544083333	0
GSE66663	100	BRD-K90553655	testosterone	23.585081505111106	0
GSE66663	100	BRD-K23875128	RHO-kinase-inhibitor-III[rockout]	29.30266032622222	0
GSE66663	100	BRD-K49519144	LY-2140023	33.3554315585865	0
GSE66663	100	BRD-K59024967	BRD-K59024967	19.05890753999445	0
GSE66663	100	BRD-A00474148	BRD-A00474148	41.97210596444444	0
GSE66663	100	BRD-K49403449	BRD-K49403449	15.45856920337777	0
GSE66663	100	BRD-K38910949	ST-4075437	20.823270169349996	0
GSE66663	100	BRD-K10466330	AVA	36.97770485177777	0
GSE66663	100	BRD-K48115423	2-(4-methoxybenzylthio)-6-methylpyrimidin-4-ol	29.681127559711104	0
GSE66663	100	BRD-K13571841	pepstatin	22.71270192872222	0
GSE66663	100	BRD-K14945759	KU-C104127	32.32985714611111	0
GSE66663	100	BRD-A00626522	BRD-A00626522	23.413047617833335	0
GSE66663	100	BRD-K97631938	BRD-K97631938	17.995834354916667	0
GSE66663	100	BRD-K31706415	BRD-K31706415	40.13273523975	0
GSE66663	100	BRD-K99595596	salsolinol	20.532030206638883	0
GSE66663	100	BRD-K27184429	levocetirizine	24.033962265683325	0
GSE66663	100	BRD-K19894101	MST-312	40.75559397971665	0
GSE66663	100	BRD-K43620258	CHEMBL-399379	31.54145770725	0
GSE66663	100	BRD-A41649729	BRD-A41649729	34.84092010371031	0
GSE66663	100	BRD-K31268420	NSC-693868	9.498060450833341	0
GSE66663	100	BRD-K77554836	triamcinolone	41.90316346199999	0
GSE66663	100	BRD-K75295174	alisertib	49.365932592161116	0
GSE66663	100	BRD-K71860425	CDK2-5-inhibitor	21.325716597733336	0
GSE66663	100	BRD-K65639003	icariin	18.540430897582546	0
GSE66663	100	BRD-K45044657	BRD-K45044657	28.376428810777767	0
GSE66663	100	BRD-K15601958	SEW-2871	38.95141369503335	0
GSE66663	100	BRD-K37372998	BRD-K37372998	26.570993900166663	0
GSE66663	100	BRD-K36533576	KU-C103875	21.74755705723333	0
GSE66663	100	BRD-A39121618	BRD-A39121618	30.601436612327777	0
GSE66663	100	BRD-K61463582	BRD-K61463582	26.66706307107222	0
GSE66663	100	BRD-K06071925	BRD-K06071925	20.477241617694446	0
GSE66663	100	BRD-K78559095	BRD-K78559095	15.198650263300006	0
GSE66663	100	BRD-K81144366	moxisylyte	24.944326610827765	0
GSE66663	100	BRD-K98471960	BRD-K98471960	18.199488207426985	0
GSE66663	100	BRD-K98521173	desoxycortone	9.916584243472215	0
GSE66663	100	BRD-K00532621	midazolam	26.46854509755555	0
GSE66663	100	BRD-K55260239	BRD-K55260239	29.142384892305557	0
GSE66663	100	BRD-K73082558	BRD-K73082558	18.264938817666668	0
GSE66663	100	BRD-K49327517	THZ-2-98-01	11.465888885111102	0
GSE66663	100	BRD-K07516181	BRD-K07516181	22.86406325197222	0
GSE66663	100	BRD-K34388789	BRD-K34388789	31.6141497277722	0
GSE66663	100	BRD-K14993104	bemegride	25.67664234638333	0
GSE66663	100	BRD-K94381355	BRD-K94381355	46.98593744872222	0
GSE66663	100	BRD-K45542213	BRD-K45542213	24.4496730925	0
GSE66663	100	BRD-A63043573	cabergoline	19.534341981333334	0
GSE66663	100	BRD-K68144790	glycodeoxycholic-acid	31.211031827626993	0
GSE66663	100	BRD-K68102868	BRD-K68102868	23.22783941095556	0
GSE66663	100	BRD-K43256821	BRD-K43256821	30.63251535564445	0
GSE66663	100	BRD-A33833419	TER-14687	27.05122548788333	0
GSE66663	100	BRD-K47695085	BRD-K47695085	24.771215802105562	0
GSE66663	100	BRD-K60667905	SA-427228	25.587078503055547	0
GSE66663	100	BRD-K65774694	BRD-K65774694	33.89030381594445	0
GSE66663	100	BRD-A96897502	U-74389F	25.98626305052779	0
GSE66663	100	BRD-K86048057	BRD-K86048057	35.10565515188889	0
GSE66663	100	BRD-K58601216	SA-1922927	24.63122801156667	0
GSE66663	100	BRD-K73276569	BRD-K73276569	31.219242962611105	0
GSE66663	100	BRD-K40892394	AR-C133057XX	22.70253935902224	0
GSE66663	100	BRD-K52850071	WHI-P154	31.080370601499993	0
GSE66663	100	BRD-K28112517	BRD-K28112517	18.570828406172232	0
GSE66663	100	BRD-K91701654	U-0126	32.659902226716675	0
GSE66663	100	BRD-K08317416	BRD-K08317416	41.807076855355554	0
GSE66663	100	BRD-A06726973	dibutyrylcyclic-gmp	22.145703104666662	0
GSE66663	100	BRD-K49371609	PIK-75	19.85340143205556	0
GSE66663	100	BRD-A15435692	BMY-14802	32.58930403394443	0
GSE66663	100	BRD-A03926027	ST-014147	25.998455587911113	0
GSE66663	100	BRD-K58223721	BRD-K58223721	21.328812697944446	0
GSE66663	100	BRD-K87730440	BRD-K87730440	10.725881977788884	0
GSE66663	100	BRD-A32164164	methyllycaconitine	19.47331573397223	0
GSE66663	100	BRD-K93623501	BRD-K93623501	34.58728179527779	0
GSE66663	100	BRD-A11095214	BRD-A11095214	31.241433749055552	0
GSE66663	100	BRD-K99515112	ST-4029010	15.742761440361111	0
GSE66663	100	BRD-K58033748	BRD-K58033748	15.351745589694449	0
GSE66663	100	BRD-K57285282	JAS07-006	26.25670607619444	0
GSE66663	100	BRD-K45356824	SA-1973497	31.986385510944448	0
GSE66663	100	BRD-K92446736	zatebradine	17.476581251555547	0
GSE66663	100	BRD-A92651262	nalbuphine	22.432586343361113	0
GSE66663	100	BRD-K76876037	BRD-K76876037	25.615659945605543	0
GSE66663	100	BRD-K81300454	BRD-K81300454	30.732447313166666	0
GSE66663	100	BRD-A61189834	BRD-A61189834	18.14070831193889	0
GSE66663	100	BRD-K82865713	prostaglandin-b2	26.2555319452	0
GSE66663	100	BRD-K41571462	BRD-K41571462	28.849291980916668	0
GSE66663	100	BRD-K50297939	UTMB-00530	22.612970427361113	0
GSE66663	100	BRD-K46766488	S-14506	26.491003872666674	0
GSE66663	100	BRD-K47808476	BRD-K47808476	29.51986305494444	0
GSE66663	100	BRD-K68007270	BRD-K68007270	39.23818289730555	0
GSE66663	100	BRD-K98064019	BRD-K98064019	21.358289678833334	0
GSE66663	100	BRD-A96485169	EBPC	23.582469007333323	0
GSE66663	100	BRD-A97479839	piperidolate	17.282143244464287	0
GSE66663	100	BRD-K20401833	BRD-K20401833	26.59020142110294	0
GSE66663	100	BRD-K07110772	SA-433965	29.78253343041667	0
GSE66663	100	BRD-A07440155	labetalol	23.13398193538889	0
GSE66663	100	BRD-K79489641	BRD-K79489641	30.94250311068333	0
GSE66663	100	BRD-A77216878	manumycin-a	43.90636642861112	0
GSE66663	100	BRD-K48188942	BG-STK33-59	13.530048086611119	0
GSE66663	100	BRD-K95785537	PP-2	37.793855897288886	0
GSE66663	100	BRD-K12690157	BRD-K12690157	17.91946322349445	0
GSE66663	100	BRD-A38878059	BL-077	15.202266593138882	0
GSE66663	100	BRD-K23319301	BRD-K23319301	48.17571934416668	0
GSE66663	100	BRD-A92439610	triamcinolone-acetonide	39.050823621841275	0
GSE66663	100	BRD-K89451433	BRD-K89451433	42.61653121316667	0
GSE66663	100	BRD-K98404142	BRD-K98404142	31.96151546055556	0
GSE66663	100	BRD-K58900438	BRD-K58900438	17.064686301433333	0
GSE66663	100	BRD-K51683034	BRD-K51683034	34.98213331174999	0
GSE66663	100	BRD-K88008216	BRD-K88008216	25.298492867749992	0
GSE66663	100	BRD-K84284996	PSH-025	28.302288844794443	0
GSE66663	100	BRD-K78167523	BRD-K78167523	31.17546354138889	0
GSE66663	100	BRD-K26241953	piceatannol	71.07019084097222	0
GSE66663	100	BRD-K53423944	BRD-K53423944	35.70874000690001	0
GSE66663	100	BRD-K69932463	AZD-8055	39.266686093949986	0
GSE66663	100	BRD-K18972207	BRD-K18972207	28.460634039277767	0
GSE66663	100	BRD-A48631911	mibefradil	47.87461345636111	0
GSE66663	100	BRD-K36862742	hydroflumethiazide	30.36061300836112	0
GSE66663	100	BRD-K95047050	BRD-K95047050	27.027282689333337	0
GSE66663	100	BRD-A18411371	BRD-A18411371	46.62066317600002	0
GSE66663	100	BRD-K16782389	BRD-K16782389	28.661826886972225	0
GSE66663	100	BRD-K98143437	SB-239063	25.16058717751588	0
GSE66663	100	BRD-K75264577	BRD-K75264577	23.4343619288611	0
GSE66663	100	BRD-K50985433	BRD-K50985433	13.873611900166672	0
GSE66663	100	BRD-K27881911	BRD-K27881911	21.83267368840476	0
GSE66663	100	BRD-K53523901	arctigenin	39.97629879497224	0
GSE66663	100	BRD-K46862739	metyrapone	17.844171496666668	0
GSE66663	100	BRD-K80451230	zamifenacin	34.98012072918333	0
GSE66663	100	BRD-K21387011	BRD-K21387011	17.084542500972216	0
GSE66663	100	BRD-K37940862	BRD-K37940862	40.77415349461113	0
GSE66663	100	BRD-K68202742	trichostatin-a	37.69809612919445	0
GSE66663	100	BRD-A67605442	tetrahydrobiopterin	22.52150148458333	0
GSE66663	100	BRD-A15493168	tetracycline	13.577782437222218	0
GSE66663	100	BRD-K85383046	IAA-94	24.148160144888884	0
GSE66663	100	BRD-A43640821	BRD-A43640821	31.695881184027776	0
GSE66663	100	BRD-K89020690	BRD-K89020690	28.40439569011111	0
GSE66663	100	BRD-A73741725	exemestane	37.29280228056111	0
GSE66663	100	BRD-K14788918	BRD-K14788918	51.42199801883334	0
GSE66663	100	BRD-K54314721	zolmitriptan	32.905713699666656	0
GSE66663	100	BRD-K05979026	BRD-K05979026	29.229953104629363	0
GSE66663	100	BRD-K03319035	maprotiline	44.06621429721111	0
GSE66663	100	BRD-K44931544	BRD-K44931544	31.68036677752221	0
GSE66663	100	BRD-K95033227	BRD-K95033227	25.843895852850004	0
GSE66663	100	BRD-A93236127	digitoxin	17.993081067499997	0
GSE66663	100	BRD-K19166598	BRD-K19166598	30.87834837119444	0
GSE66663	100	BRD-K25050358	BRD-K25050358	24.837478908399998	0
GSE66663	100	BRD-K32610195	androstenedione	17.673997771655557	0
GSE66663	100	BRD-A62434282	goserelin	22.570754465527777	0
GSE66663	100	BRD-K82747512	BRD-K82747512	20.345336557783323	0
GSE66663	100	BRD-K27305650	LY-294002	34.38931114789444	0
GSE66663	100	BRD-K98739056	BRD-K98739056	25.132493094833336	0
GSE66663	100	BRD-K93158953	BRD-K93158953	35.227476745777764	0
GSE66663	100	BRD-K72903603	zidovudine	34.56859863874444	0
GSE66663	300	Li	Li	85.90374351669996	1
GSE66663	300	Zn_proxy	Zn_proxy	81.36372828519441	1
GSE66663	300	GSK3	GSK3	72.67920363032144	1
GSE66663	300	Li_Zn	Li_Zn	166.28867833011677	1
GSE66663	300	GSK3_Zn	GSK3_Zn	151.2663183741825	1
GSE66663	300	BRD-K46017542	BRD-K46017542	60.74024265393334	0
GSE66663	300	BRD-K49577446	flunisolide	92.55144943341666	0
GSE66663	300	BRD-K94176593	TWS-119	115.59387706236743	0
GSE66663	300	BRD-K92953840	BRD-K92953840	56.87376199952514	0
GSE66663	300	BRD-K06159959	CCMQ	70.8141569679849	0
GSE66663	300	BRD-A64290322	cyclosporin-a	107.16046569322772	0
GSE66663	300	BRD-K11634954	GBR-13069	126.52293282911342	0
GSE66663	300	BRD-K42098891	protriptyline	107.40580319889678	0
GSE66663	300	BRD-K90543092	levonorgestrel	76.41540420977142	0
GSE66663	300	BRD-A75931230	F-1061-0166	96.0419163883056	0
GSE66663	300	BRD-K96703623	BRD-K96703623	96.59363577786118	0
GSE66663	300	BRD-K31975688	BRD-K31975688	82.77550468669992	0
GSE66663	300	BRD-K17830172	BRD-K17830172	80.67397839138326	0
GSE66663	300	BRD-K06692906	Gossypetin	53.77673065069445	0
GSE66663	300	BRD-K68690198	BRD-K68690198	105.86104386194432	0
GSE66663	300	BRD-A91992993	siguazodan	82.50750706585555	0
GSE66663	300	BRD-A56359832	zileuton	75.10251716544444	0
GSE66663	300	BRD-K08316444	rotenone	82.07452746254998	0
GSE66663	300	BRD-K41713976	E-4031	69.52576279734443	0
GSE66663	300	BRD-A94413429	NTNCB	174.31818336299992	0
GSE66663	300	BRD-K69556541	ryanodine	87.01178209082221	0
GSE66663	300	BRD-K04676863	BRD-K04676863	57.80565598727778	0
GSE66663	300	BRD-K20352452	BRD-K20352452	72.90747414970552	0
GSE66663	300	BRD-K72420232	WZ-4002	123.81793639721663	0
GSE66663	300	BRD-K80184735	KUC104240N	62.63344036160315	0
GSE66663	300	BRD-A83326220	brazilin	110.42719039238888	0
GSE66663	300	BRD-A80383043	4-carboxy-3-hydroxyphenylglycine-(RS)	78.44780438028336	0
GSE66663	300	BRD-K79554012	BRD-K79554012	78.62948464689204	0
GSE66663	300	BRD-A92630576	trimebutine	67.90562728621667	0
GSE66663	300	BRD-K15054362	BRD-K15054362	91.7167024718778	0
GSE66663	300	BRD-A73859745	glycodeoxycholic-acid	47.14817539416667	0
GSE66663	300	BRD-K02275692	cefotiam	53.965488861566655	0
GSE66663	300	BRD-K24468827	BRD-K24468827	73.45167341837778	0
GSE66663	300	BRD-K64754843	BRD-K64754843	92.18688169803889	0
GSE66663	300	BRD-K15616905	CCCP	113.93557285007778	0
GSE66663	300	BRD-K84937637	sirolimus	108.30113210607774	0
GSE66663	300	BRD-K77790153	BRD-K77790153	91.21459050127218	0
GSE66663	300	BRD-K98546361	BRD-K98546361	81.73113929297779	0
GSE66663	300	BRD-K64409586	KU-C104488	79.76648447872772	0
GSE66663	300	BRD-A98431941	ephedrine	77.86880230519444	0
GSE66663	300	BRD-K28610502	RAN-05	104.0821087945087	0
GSE66663	300	BRD-K15588452	R-96544	141.41247805782783	0
GSE66663	300	BRD-K17743125	belinostat	88.0027185867857	0
GSE66663	300	BRD-A59943784	fluticasone	90.58409273566669	0
GSE66663	300	BRD-K42107428	BRD-K42107428	70.00283608585556	0
GSE66663	300	BRD-K15402119	huperzine-a	60.281484238694425	0
GSE66663	300	BRD-K95760042	BRD-K95760042	93.99274070999448	0
GSE66663	300	BRD-K79602928	metformin	74.46236335637516	0
GSE66663	300	BRD-K44812652	BRD-K44812652	94.93743857228334	0
GSE66663	300	BRD-A50311610	meclizine	79.46531591694996	0
GSE66663	300	BRD-K90090262	BRD-K90090262	53.023199833405556	0
GSE66663	300	BRD-K41227865	ST-4039884	82.03504669585871	0
GSE66663	300	BRD-K48673964	BRD-K48673964	66.95033895819444	0
GSE66663	300	BRD-K90553655	testosterone	63.23208395927778	0
GSE66663	300	BRD-K23875128	RHO-kinase-inhibitor-III[rockout]	70.52268929154128	0
GSE66663	300	BRD-K49519144	LY-2140023	89.68437636075873	0
GSE66663	300	BRD-K59024967	BRD-K59024967	69.78716026306667	0
GSE66663	300	BRD-A00474148	BRD-A00474148	96.53129726371667	0
GSE66663	300	BRD-K49403449	BRD-K49403449	61.77696436450001	0
GSE66663	300	BRD-K38910949	ST-4075437	58.70736348936986	0
GSE66663	300	BRD-K10466330	AVA	86.29201612896108	0
GSE66663	300	BRD-K48115423	2-(4-methoxybenzylthio)-6-methylpyrimidin-4-ol	80.41526592413335	0
GSE66663	300	BRD-K13571841	pepstatin	65.9866883219111	0
GSE66663	300	BRD-K14945759	KU-C104127	83.6896132858611	0
GSE66663	300	BRD-A00626522	BRD-A00626522	67.68197079576665	0
GSE66663	300	BRD-K97631938	BRD-K97631938	59.20074899538889	0
GSE66663	300	BRD-K31706415	BRD-K31706415	100.28525940516666	0
GSE66663	300	BRD-K99595596	salsolinol	52.68388324235554	0
GSE66663	300	BRD-K27184429	levocetirizine	78.52114440787777	0
GSE66663	300	BRD-K19894101	MST-312	103.27371282286113	0
GSE66663	300	BRD-K43620258	CHEMBL-399379	93.98174417823888	0
GSE66663	300	BRD-A41649729	BRD-A41649729	96.54184374190478	0
GSE66663	300	BRD-K31268420	NSC-693868	55.98600721676115	0
GSE66663	300	BRD-K77554836	triamcinolone	98.85190893213888	0
GSE66663	300	BRD-K75295174	alisertib	115.49324437797779	0
GSE66663	300	BRD-K71860425	CDK2-5-inhibitor	61.3628159686627	0
GSE66663	300	BRD-K65639003	icariin	70.11938110513806	0
GSE66663	300	BRD-K45044657	BRD-K45044657	82.48328078952775	0
GSE66663	300	BRD-K15601958	SEW-2871	87.34181092405	0
GSE66663	300	BRD-K37372998	BRD-K37372998	88.42106412063886	0
GSE66663	300	BRD-K36533576	KU-C103875	61.36403908653887	0
GSE66663	300	BRD-A39121618	BRD-A39121618	81.12036806481663	0
GSE66663	300	BRD-K61463582	BRD-K61463582	68.57824701785559	0
GSE66663	300	BRD-K06071925	BRD-K06071925	55.167384806027805	0
GSE66663	300	BRD-K78559095	BRD-K78559095	69.68501362632779	0
GSE66663	300	BRD-K81144366	moxisylyte	77.37004811530001	0
GSE66663	300	BRD-K98471960	BRD-K98471960	42.33415144401032	0
GSE66663	300	BRD-K98521173	desoxycortone	47.02029433589444	0
GSE66663	300	BRD-K00532621	midazolam	74.09416309272775	0
GSE66663	300	BRD-K55260239	BRD-K55260239	80.80150219669443	0
GSE66663	300	BRD-K73082558	BRD-K73082558	46.704185763605565	0
GSE66663	300	BRD-K49327517	THZ-2-98-01	40.78498124133333	0
GSE66663	300	BRD-K07516181	BRD-K07516181	69.03621427483331	0
GSE66663	300	BRD-K34388789	BRD-K34388789	85.98481950890553	0
GSE66663	300	BRD-K14993104	bemegride	69.50086506491108	0
GSE66663	300	BRD-K94381355	BRD-K94381355	87.52825285877772	0
GSE66663	300	BRD-K45542213	BRD-K45542213	69.88760344813335	0
GSE66663	300	BRD-A63043573	cabergoline	63.44694687122778	0
GSE66663	300	BRD-K68144790	glycodeoxycholic-acid	79.6257160073603	0
GSE66663	300	BRD-K68102868	BRD-K68102868	66.62995482801112	0
GSE66663	300	BRD-K43256821	BRD-K43256821	64.3985006681	0
GSE66663	300	BRD-A33833419	TER-14687	83.37586865973333	0
GSE66663	300	BRD-K47695085	BRD-K47695085	95.81602621896667	0
GSE66663	300	BRD-K60667905	SA-427228	89.65029763983884	0
GSE66663	300	BRD-K65774694	BRD-K65774694	85.04888245748249	0
GSE66663	300	BRD-A96897502	U-74389F	83.06941742782779	0
GSE66663	300	BRD-K86048057	BRD-K86048057	105.43672303233332	0
GSE66663	300	BRD-K58601216	SA-1922927	71.67798050936665	0
GSE66663	300	BRD-K73276569	BRD-K73276569	93.2226848931333	0
GSE66663	300	BRD-K40892394	AR-C133057XX	63.28759512348254	0
GSE66663	300	BRD-K52850071	WHI-P154	106.70419331969997	0
GSE66663	300	BRD-K28112517	BRD-K28112517	55.88861941990557	0
GSE66663	300	BRD-K91701654	U-0126	100.15481845196665	0
GSE66663	300	BRD-K08317416	BRD-K08317416	111.28498163812222	0
GSE66663	300	BRD-A06726973	dibutyrylcyclic-gmp	67.03056158192774	0
GSE66663	300	BRD-K49371609	PIK-75	59.264209693686276	0
GSE66663	300	BRD-A15435692	BMY-14802	79.32162884761667	0
GSE66663	300	BRD-A03926027	ST-014147	72.83057025056587	0
GSE66663	300	BRD-K58223721	BRD-K58223721	56.66537161702779	0
GSE66663	300	BRD-K87730440	BRD-K87730440	49.67383509513252	0
GSE66663	300	BRD-A32164164	methyllycaconitine	62.77112653799208	0
GSE66663	300	BRD-K93623501	BRD-K93623501	83.90427927340552	0
GSE66663	300	BRD-A11095214	BRD-A11095214	79.10897594513884	0
GSE66663	300	BRD-K99515112	ST-4029010	39.63191628131112	0
GSE66663	300	BRD-K58033748	BRD-K58033748	66.37679361137779	0
GSE66663	300	BRD-K57285282	JAS07-006	83.92146033750788	0
GSE66663	300	BRD-K45356824	SA-1973497	93.70243222764441	0
GSE66663	300	BRD-K92446736	zatebradine	65.07436365213334	0
GSE66663	300	BRD-A92651262	nalbuphine	70.82453311035559	0
GSE66663	300	BRD-K76876037	BRD-K76876037	83.18128173585558	0
GSE66663	300	BRD-K81300454	BRD-K81300454	81.59348215010554	0
GSE66663	300	BRD-A61189834	BRD-A61189834	62.89363424988889	0
GSE66663	300	BRD-K82865713	prostaglandin-b2	55.44644724104998	0
GSE66663	300	BRD-K41571462	BRD-K41571462	74.66122244761111	0
GSE66663	300	BRD-K50297939	UTMB-00530	77.09823902188883	0
GSE66663	300	BRD-K46766488	S-14506	72.34159848079443	0
GSE66663	300	BRD-K47808476	BRD-K47808476	75.35592264380557	0
GSE66663	300	BRD-K68007270	BRD-K68007270	104.51119433968334	0
GSE66663	300	BRD-K98064019	BRD-K98064019	67.68491698582778	0
GSE66663	300	BRD-A96485169	EBPC	57.70608609126667	0
GSE66663	300	BRD-A97479839	piperidolate	45.3086472186143	0
GSE66663	300	BRD-K20401833	BRD-K20401833	76.72062216279738	0
GSE66663	300	BRD-K07110772	SA-433965	72.57333973213886	0
GSE66663	300	BRD-A07440155	labetalol	69.46647214141113	0
GSE66663	300	BRD-K79489641	BRD-K79489641	71.45868752096112	0
GSE66663	300	BRD-A77216878	manumycin-a	102.8184450967222	0
GSE66663	300	BRD-K48188942	BG-STK33-59	40.12704143101667	0
GSE66663	300	BRD-K95785537	PP-2	115.30691600253891	0
GSE66663	300	BRD-K12690157	BRD-K12690157	67.2439870527722	0
GSE66663	300	BRD-A38878059	BL-077	48.70727868164445	0
GSE66663	300	BRD-K23319301	BRD-K23319301	120.75642993716659	0
GSE66663	300	BRD-A92439610	triamcinolone-acetonide	81.15839318859126	0
GSE66663	300	BRD-K89451433	BRD-K89451433	109.11641512319441	0
GSE66663	300	BRD-K98404142	BRD-K98404142	104.73177584062779	0
GSE66663	300	BRD-K58900438	BRD-K58900438	74.26327991457221	0
GSE66663	300	BRD-K51683034	BRD-K51683034	72.41129719261109	0
GSE66663	300	BRD-K88008216	BRD-K88008216	78.8140824667222	0
GSE66663	300	BRD-K84284996	PSH-025	81.42291867398882	0
GSE66663	300	BRD-K78167523	BRD-K78167523	78.73578435658334	0
GSE66663	300	BRD-K26241953	piceatannol	150.18585700880558	0
GSE66663	300	BRD-K53423944	BRD-K53423944	89.02558167020554	0
GSE66663	300	BRD-K69932463	AZD-8055	112.59290915055004	0
GSE66663	300	BRD-K18972207	BRD-K18972207	85.73437090711107	0
GSE66663	300	BRD-A48631911	mibefradil	110.97533530572218	0
GSE66663	300	BRD-K36862742	hydroflumethiazide	68.47514949602778	0
GSE66663	300	BRD-K95047050	BRD-K95047050	88.52682939554995	0
GSE66663	300	BRD-A18411371	BRD-A18411371	121.8867452749722	0
GSE66663	300	BRD-K16782389	BRD-K16782389	71.5158051848611	0
GSE66663	300	BRD-K98143437	SB-239063	69.02167456953809	0
GSE66663	300	BRD-K75264577	BRD-K75264577	64.5834753198	0
GSE66663	300	BRD-K50985433	BRD-K50985433	50.64876639830001	0
GSE66663	300	BRD-K27881911	BRD-K27881911	75.03660985969915	0
GSE66663	300	BRD-K53523901	arctigenin	91.35628886914435	0
GSE66663	300	BRD-K46862739	metyrapone	49.95984236763332	0
GSE66663	300	BRD-K80451230	zamifenacin	86.97609772615553	0
GSE66663	300	BRD-K21387011	BRD-K21387011	49.910552953166665	0
GSE66663	300	BRD-K37940862	BRD-K37940862	94.94929440844443	0
GSE66663	300	BRD-K68202742	trichostatin-a	98.13104286949999	0
GSE66663	300	BRD-A67605442	tetrahydrobiopterin	83.2427130356111	0
GSE66663	300	BRD-A15493168	tetracycline	42.7422453200754	0
GSE66663	300	BRD-K85383046	IAA-94	69.03976064186665	0
GSE66663	300	BRD-A43640821	BRD-A43640821	81.5614205825	0
GSE66663	300	BRD-K89020690	BRD-K89020690	74.74094358752778	0
GSE66663	300	BRD-A73741725	exemestane	94.33442936695555	0
GSE66663	300	BRD-K14788918	BRD-K14788918	99.27255138977779	0
GSE66663	300	BRD-K54314721	zolmitriptan	86.88755078171667	0
GSE66663	300	BRD-K05979026	BRD-K05979026	87.02374840996508	0
GSE66663	300	BRD-K03319035	maprotiline	96.77032075072214	0
GSE66663	300	BRD-K44931544	BRD-K44931544	88.96795407460556	0
GSE66663	300	BRD-K95033227	BRD-K95033227	81.45572118773883	0
GSE66663	300	BRD-A93236127	digitoxin	51.373146427611104	0
GSE66663	300	BRD-K19166598	BRD-K19166598	90.38502510679994	0
GSE66663	300	BRD-K25050358	BRD-K25050358	68.56452202623886	0
GSE66663	300	BRD-K32610195	androstenedione	70.85596482947223	0
GSE66663	300	BRD-A62434282	goserelin	63.35830664306987	0
GSE66663	300	BRD-K82747512	BRD-K82747512	61.35501287766983	0
GSE66663	300	BRD-K27305650	LY-294002	96.39981500519998	0
GSE66663	300	BRD-K98739056	BRD-K98739056	55.97999021331031	0
GSE66663	300	BRD-K93158953	BRD-K93158953	85.29740919242778	0
GSE66663	300	BRD-K72903603	zidovudine	80.14049878397219	0
